district,missing_date
1D,2020-05-25
1D,2020-07-10
1D,2020-08-07
1D,2021-01-10
1D,2021-08-02
1D,2021-08-03
1D,2021-08-04
1D,2021-08-05
1D,2021-08-06
1D,2021-08-07
1D,2021-08-08
1D,2021-08-09
1D,2021-08-10
1D,2021-08-11
1D,2021-08-12
1D,2021-08-13
1D,2021-08-14
1D,2021-08-15
1D,2021-08-16
1D,2021-08-17
1D,2021-08-18
1D,2021-08-19
1D,2021-08-20
1D,2021-08-21
1D,2021-08-22
1D,2021-08-23
1D,2021-11-30
1D,2021-12-01
1D,2021-12-02
1D,2021-12-03
1D,2021-12-04
1D,2021-12-05
1D,2021-12-06
1D,2021-12-07
1D,2021-12-08
1D,2021-12-09
1D,2021-12-10
1D,2021-12-11
1D,2021-12-12
1D,2021-12-13
1D,2021-12-14
1D,2021-12-15
1D,2021-12-16
1D,2021-12-17
1D,2021-12-18
1D,2021-12-19
1D,2021-12-20
1D,2021-12-21
1D,2021-12-22
1D,2021-12-23
1D,2021-12-24
1D,2021-12-25
1D,2021-12-26
1D,2021-12-27
1D,2021-12-28
1D,2021-12-29
1D,2021-12-30
1D,2021-12-31
1D,2022-01-01
1D,2022-01-02
1D,2022-01-03
1D,2022-01-04
1D,2022-01-05
1D,2022-01-06
1D,2022-01-07
1D,2022-01-08
1D,2022-01-09
1D,2022-01-10
1D,2022-01-11
1D,2022-01-12
1D,2022-01-13
1D,2022-01-14
1D,2022-01-15
1D,2022-01-16
1D,2022-01-17
1D,2022-01-18
1D,2022-01-19
1D,2022-01-20
1D,2022-01-21
1D,2022-01-22
1D,2022-01-23
1D,2022-01-24
1D,2022-01-25
1D,2022-01-26
1D,2022-01-27
1D,2022-01-28
1D,2022-01-29
1D,2022-01-30
1D,2022-01-31
1D,2022-02-01
1D,2022-02-02
1D,2022-02-03
1D,2022-02-04
1D,2022-02-05
1D,2022-02-06
1D,2022-02-07
1D,2022-02-08
1D,2022-02-09
1D,2022-02-10
1D,2022-02-11
1D,2022-02-12
1D,2022-02-13
1D,2022-02-14
1D,2022-02-15
1D,2022-02-16
1D,2022-02-17
1D,2022-02-18
1D,2022-02-19
1D,2022-02-20
1D,2022-02-21
1D,2022-02-22
1D,2022-02-23
1D,2022-02-24
1D,2022-02-25
1D,2022-02-26
1D,2022-02-27
1D,2022-02-28
1D,2022-03-01
1D,2022-03-02
1D,2022-03-03
1D,2022-03-04
1D,2022-03-05
1D,2022-03-06
1D,2022-03-07
1D,2022-03-08
1D,2022-03-09
1D,2022-03-10
1D,2022-03-11
1D,2022-03-12
1D,2022-03-13
1D,2022-03-14
1D,2022-03-15
1D,2022-03-16
1D,2022-03-17
1D,2022-03-18
1D,2022-03-19
1D,2022-03-20
1D,2022-03-21
1D,2022-03-22
1D,2022-03-23
1D,2022-03-24
1D,2022-03-25
1D,2022-03-26
1D,2022-03-27
1D,2022-03-28
1D,2022-03-29
1D,2022-03-30
1D,2022-03-31
1D,2022-04-01
1D,2022-04-02
1D,2022-04-03
1D,2022-04-04
1D,2022-04-05
1D,2022-04-06
1D,2022-04-07
1D,2022-04-08
1D,2022-04-09
1D,2022-04-10
1D,2022-04-11
1D,2022-04-12
1D,2022-04-13
1D,2022-04-14
1D,2022-04-15
1D,2022-04-16
1D,2022-04-17
1D,2022-04-18
1D,2022-04-19
1D,2022-04-20
1D,2022-04-21
1D,2022-04-22
1D,2022-04-23
1D,2022-04-24
1D,2022-04-25
1D,2022-04-26
1D,2022-04-27
1D,2022-04-28
1D,2022-04-29
1D,2022-04-30
1D,2022-05-01
1D,2022-05-02
1D,2022-05-03
1D,2022-05-04
1D,2022-05-05
1D,2022-05-06
1D,2022-05-07
1D,2022-05-08
1D,2022-05-09
1D,2022-05-10
1D,2022-05-11
1D,2022-05-12
1D,2022-05-13
1D,2022-05-14
1D,2022-05-15
1D,2022-05-16
1D,2022-05-17
1D,2022-05-18
1D,2022-05-19
1D,2022-05-20
1D,2022-05-21
1D,2022-05-22
1D,2022-05-23
1D,2022-05-24
1D,2022-05-25
1D,2022-05-26
1D,2022-05-27
1D,2022-05-28
1D,2022-05-29
1D,2022-05-30
1D,2022-05-31
1D,2022-06-01
1D,2022-06-02
1D,2022-06-03
1D,2022-06-04
1D,2022-06-05
1D,2022-06-06
1D,2022-06-07
1D,2022-06-08
1D,2022-06-09
1D,2022-06-10
1D,2022-06-11
1D,2022-06-12
1D,2022-06-13
1D,2022-06-14
1D,2022-06-15
1D,2022-06-16
1D,2022-06-17
1D,2022-06-18
1D,2022-06-19
1D,2022-06-20
1D,2022-06-21
1D,2022-06-22
1D,2022-06-23
1D,2022-06-24
1D,2022-06-25
1D,2022-06-26
1D,2022-06-27
1D,2022-06-28
1D,2022-06-29
1D,2022-06-30
1D,2022-07-01
1D,2022-07-02
1D,2022-07-03
1D,2022-07-04
1D,2022-07-05
1D,2022-07-06
1D,2022-07-07
1D,2022-07-08
1D,2022-07-09
1D,2022-07-10
1D,2022-07-11
1D,2022-07-12
1D,2022-07-13
1D,2022-07-14
1D,2022-07-15
1D,2022-07-16
1D,2022-07-17
1D,2022-07-18
1D,2022-07-19
1D,2022-07-20
1D,2022-07-21
1D,2022-07-22
1D,2022-07-23
1D,2022-07-24
1D,2022-07-25
1D,2022-07-26
1D,2022-07-27
1D,2022-07-28
1D,2022-07-29
1D,2022-07-30
1D,2022-07-31
1D,2022-08-01
1D,2022-08-02
1D,2022-08-03
1D,2022-08-04
1D,2022-08-05
1D,2022-08-06
1D,2022-08-07
1D,2022-08-08
1D,2022-08-09
1D,2022-08-10
1D,2022-08-11
1D,2022-08-12
1D,2022-08-13
1D,2022-08-14
1D,2022-08-15
1D,2022-08-16
1D,2022-08-17
1D,2022-08-18
1D,2022-08-19
1D,2022-08-20
1D,2022-08-21
1D,2022-08-22
1D,2022-08-23
1D,2022-08-24
1D,2022-08-25
1D,2022-08-26
1D,2022-08-27
1D,2022-08-28
1D,2022-08-29
1D,2022-08-30
1D,2022-08-31
1D,2022-09-01
1D,2022-09-02
1D,2022-09-03
1D,2022-09-04
1D,2022-09-05
1D,2022-09-06
1D,2022-09-07
1D,2022-09-08
1D,2022-09-09
1D,2022-09-10
1D,2022-09-11
1D,2022-09-12
1D,2022-09-13
1D,2022-09-14
1D,2022-09-15
1D,2022-09-16
1D,2022-09-17
1D,2022-09-18
1D,2022-09-19
1D,2022-09-20
1D,2022-09-21
1D,2022-09-22
1D,2022-09-23
1D,2022-09-24
1D,2022-09-25
1D,2022-09-26
1D,2022-09-27
1D,2022-09-28
1D,2022-09-29
1D,2022-09-30
1D,2022-10-01
1D,2022-10-02
1D,2022-10-03
1D,2022-10-04
1D,2022-10-05
1D,2022-10-06
1D,2022-10-07
1D,2022-10-08
1D,2022-10-09
1D,2022-10-10
1D,2022-10-11
1D,2022-10-12
1D,2022-10-13
1D,2022-10-14
1D,2022-10-15
1D,2022-10-16
1D,2022-10-17
1D,2022-10-18
1D,2022-10-19
1D,2022-10-20
1D,2022-10-21
1D,2022-10-22
1D,2022-10-23
1D,2022-10-24
1D,2022-10-25
1D,2022-10-26
1D,2022-10-27
1D,2022-10-28
1D,2022-10-29
1D,2022-10-30
1D,2022-10-31
1D,2022-11-01
1D,2022-11-02
1D,2022-11-03
1D,2022-11-04
1D,2022-11-05
1D,2022-11-06
1D,2022-11-07
1D,2022-11-08
1D,2022-11-09
1D,2022-11-10
1D,2022-11-11
1D,2022-11-12
1D,2022-11-13
1D,2022-11-14
1D,2022-11-15
1D,2022-11-16
1D,2022-11-17
1D,2022-11-18
1D,2022-11-19
1D,2022-11-20
1D,2022-11-21
1D,2022-11-22
1D,2022-11-23
1D,2022-11-24
1D,2022-11-25
1D,2022-11-26
1D,2022-11-27
1D,2022-11-28
1D,2022-11-29
1D,2022-11-30
1D,2022-12-01
1D,2022-12-02
1D,2022-12-03
1D,2022-12-04
1D,2022-12-05
1D,2022-12-06
1D,2022-12-07
1D,2022-12-08
1D,2022-12-09
1D,2022-12-10
1D,2022-12-11
1D,2022-12-12
1D,2022-12-13
1D,2022-12-14
1D,2022-12-15
1D,2022-12-16
1D,2022-12-17
1D,2022-12-18
1D,2022-12-19
1D,2022-12-20
1D,2022-12-21
1D,2022-12-22
1D,2022-12-23
1D,2022-12-24
1D,2022-12-25
1D,2022-12-26
1D,2022-12-27
1D,2022-12-28
1D,2022-12-29
1D,2022-12-30
1D,2022-12-31
1D,2023-01-01
1D,2023-01-02
1D,2023-01-03
1D,2023-01-04
1D,2023-01-05
1D,2023-01-06
1D,2023-01-07
1D,2023-01-08
1D,2023-01-09
1D,2023-01-10
1D,2023-01-11
1D,2023-01-12
1D,2023-01-13
1D,2023-01-14
1D,2023-01-15
1D,2023-01-16
1D,2023-01-17
1D,2023-01-18
1D,2023-01-19
1D,2023-01-20
1D,2023-01-21
1D,2023-01-22
1D,2023-01-23
1D,2023-01-24
1D,2023-01-25
1D,2023-01-26
1D,2023-01-27
1D,2023-01-28
1D,2023-01-29
1D,2023-01-30
1D,2023-01-31
1D,2023-02-01
1D,2023-02-02
1D,2023-02-03
1D,2023-02-04
1D,2023-02-05
1D,2023-02-06
1D,2023-02-07
1D,2023-02-08
1D,2023-02-09
1D,2023-02-10
1D,2023-02-11
1D,2023-02-12
1D,2023-02-13
1D,2023-02-14
1D,2023-02-15
1D,2023-02-16
1D,2023-02-17
1D,2023-02-18
1D,2023-02-19
1D,2023-02-20
1D,2023-02-21
1D,2023-02-22
1D,2023-02-23
1D,2023-02-24
1D,2023-02-25
1D,2023-02-26
1D,2023-02-27
1D,2023-02-28
1D,2023-03-01
1D,2023-03-02
1D,2023-03-03
1D,2023-03-04
1D,2023-03-05
1D,2023-03-06
1D,2023-03-07
1D,2023-03-08
1D,2023-03-09
1D,2023-03-10
1D,2023-03-11
1D,2023-03-12
1D,2023-03-13
1D,2023-03-14
1D,2023-03-15
1D,2023-03-16
1D,2023-03-17
1D,2023-03-18
1D,2023-03-19
1D,2023-03-20
1D,2023-03-21
1D,2023-03-22
1D,2023-03-23
1D,2023-03-24
1D,2023-03-25
1D,2023-03-26
1D,2023-03-27
1D,2023-03-28
1D,2023-03-29
1D,2023-03-30
1D,2023-03-31
1D,2023-04-01
1D,2023-04-02
1D,2023-04-03
1D,2023-04-04
1D,2023-04-05
1D,2023-04-06
1D,2023-04-07
1D,2023-04-08
1D,2023-04-09
1D,2023-04-10
1D,2023-04-11
1D,2023-04-12
1D,2023-04-13
1D,2023-04-14
1D,2023-04-15
1D,2023-04-16
1D,2023-04-17
1D,2023-04-18
1D,2023-04-19
1D,2023-04-20
1D,2023-04-21
1D,2023-04-22
1D,2023-04-23
1D,2023-04-24
1D,2023-04-25
1D,2023-04-26
1D,2023-04-27
1D,2023-04-28
1D,2023-04-29
1D,2023-04-30
1D,2023-05-01
1D,2023-05-02
1D,2023-05-03
1D,2023-05-04
1D,2023-05-05
1D,2023-05-06
1D,2023-05-07
1D,2023-05-08
1D,2023-05-09
1D,2023-05-10
1D,2023-05-11
1D,2023-05-12
1D,2023-05-13
1D,2023-05-14
1D,2023-05-15
1D,2023-05-16
1D,2023-05-17
1D,2023-05-18
1D,2023-05-19
1D,2023-05-20
1D,2023-05-21
1D,2023-05-22
1D,2023-05-23
1D,2023-05-24
1D,2023-05-25
1D,2023-05-26
1D,2023-05-27
1D,2023-05-28
1D,2023-05-29
1D,2023-05-30
1D,2023-05-31
1D,2023-06-01
1D,2023-06-02
1D,2023-06-03
1D,2023-06-04
1D,2023-06-05
1D,2023-06-06
1D,2023-06-07
1D,2023-06-08
1D,2023-06-09
1D,2023-06-10
1D,2023-06-11
1D,2023-06-12
1D,2023-06-13
1D,2023-06-14
1D,2023-06-15
1D,2023-06-16
1D,2023-06-17
1D,2023-06-18
1D,2023-06-19
1D,2023-06-20
1D,2023-06-21
1D,2023-06-22
1D,2023-06-23
1D,2023-06-24
1D,2023-06-25
1D,2023-06-26
1D,2023-06-27
1D,2023-06-28
1D,2023-06-29
1D,2023-06-30
1D,2023-07-01
1D,2023-07-02
1D,2023-07-03
1D,2023-07-04
1D,2023-07-05
1D,2023-07-06
1D,2023-07-07
1D,2023-07-08
1D,2023-07-09
1D,2023-07-10
1D,2023-07-11
1D,2023-07-12
1D,2023-07-13
1D,2023-07-14
1D,2023-07-15
1D,2023-07-16
1D,2023-07-17
1D,2023-07-18
1D,2023-07-19
1D,2023-07-20
1D,2023-07-21
1D,2023-07-22
1D,2023-07-23
1D,2023-07-24
1D,2023-07-25
1D,2023-07-26
1D,2023-07-27
1D,2023-07-28
1D,2023-07-29
1D,2023-07-30
1D,2023-07-31
1D,2023-08-01
1D,2023-08-02
1D,2023-08-03
1D,2023-08-04
1D,2023-08-05
1D,2023-08-06
1D,2023-08-07
1D,2023-08-08
1D,2023-08-09
1D,2023-08-10
1D,2023-08-11
1D,2023-08-12
1D,2023-08-13
1D,2023-08-14
1D,2023-08-15
1D,2023-08-16
1D,2023-08-17
1D,2023-08-18
1D,2023-08-19
1D,2023-08-20
1D,2023-08-21
1D,2023-08-22
1D,2023-08-23
1D,2023-08-24
1D,2023-08-25
1D,2023-08-26
1D,2023-08-27
1D,2023-08-28
1D,2023-08-29
1D,2023-08-30
1D,2023-08-31
1D,2023-09-01
1D,2023-09-02
1D,2023-09-03
1D,2023-09-04
1D,2023-09-05
1D,2023-09-06
1D,2023-09-07
1D,2023-09-08
1D,2023-09-09
1D,2023-09-10
1D,2023-09-11
1D,2023-09-12
1D,2023-09-13
1D,2023-09-14
1D,2023-09-15
1D,2023-09-16
1D,2023-09-17
1D,2023-09-18
1D,2023-09-19
1D,2023-09-20
1D,2023-09-21
1D,2023-09-22
1D,2023-09-23
1D,2023-09-24
1D,2023-09-25
1D,2023-09-26
1D,2023-09-27
1D,2023-09-28
1D,2023-09-29
1D,2023-09-30
1D,2023-10-01
1D,2023-10-02
1D,2023-10-03
1D,2023-10-04
1D,2023-10-05
1D,2023-10-06
1D,2023-10-07
1D,2023-10-08
1D,2023-10-09
1D,2023-10-10
1D,2023-10-11
1D,2023-10-12
1D,2023-10-13
1D,2023-10-14
1D,2023-10-15
1D,2023-10-16
1D,2023-10-17
1D,2023-10-18
1D,2023-10-19
1D,2023-10-20
1D,2023-10-21
1D,2023-10-22
1D,2023-10-23
1D,2023-10-24
1D,2023-10-25
1D,2023-10-26
1D,2023-10-27
1D,2023-10-28
1D,2023-10-29
1D,2023-10-30
1D,2023-10-31
1D,2023-11-01
1D,2023-11-02
1D,2023-11-03
1D,2023-11-04
1D,2023-11-05
1D,2023-11-06
1D,2023-11-07
1D,2023-11-08
1D,2023-11-09
1D,2023-11-10
1D,2023-11-11
1D,2023-11-12
1D,2023-11-13
1D,2023-11-14
1D,2023-11-15
1D,2023-11-16
1D,2023-11-17
1D,2023-11-18
1D,2023-11-19
1D,2023-11-20
1D,2023-11-21
1D,2023-11-22
1D,2023-11-23
1D,2023-11-24
1D,2023-11-25
1D,2023-11-26
1D,2023-11-27
1D,2023-11-28
1D,2023-11-29
1D,2023-11-30
1D,2023-12-01
1D,2023-12-02
1D,2023-12-03
1D,2023-12-04
1D,2023-12-05
1D,2023-12-06
1D,2023-12-07
1D,2023-12-08
1D,2023-12-09
1D,2023-12-10
1D,2023-12-11
1D,2023-12-12
1D,2023-12-13
1D,2023-12-14
1D,2023-12-15
1D,2023-12-16
1D,2023-12-17
1D,2023-12-18
1D,2023-12-19
1D,2023-12-20
1D,2023-12-21
1D,2023-12-22
1D,2023-12-23
1D,2023-12-24
1D,2023-12-25
1D,2023-12-26
1D,2023-12-27
1D,2023-12-28
1D,2023-12-29
1D,2023-12-30
1D,2023-12-31
1D,2024-01-01
1D,2024-01-02
1D,2024-01-03
1D,2024-01-04
1D,2024-01-05
1D,2024-01-06
1D,2024-01-07
1D,2024-01-08
1D,2024-01-09
1D,2024-01-10
1D,2024-01-11
1D,2024-01-12
1D,2024-01-13
1D,2024-01-14
1D,2024-01-15
1D,2024-01-16
1D,2024-01-17
1D,2024-01-18
1D,2024-01-19
1D,2024-01-20
1D,2024-01-21
1D,2024-01-22
1D,2024-01-23
1D,2024-01-24
1D,2024-01-25
1D,2024-01-26
1D,2024-01-27
1D,2024-01-28
1D,2024-01-29
1D,2024-01-30
1D,2024-01-31
1D,2024-02-01
1D,2024-02-02
1D,2024-02-03
1D,2024-02-04
1D,2024-02-05
1D,2024-02-06
1D,2024-02-07
1D,2024-02-08
1D,2024-02-09
1D,2024-02-10
1D,2024-02-11
1D,2024-02-12
1D,2024-02-13
1D,2024-02-14
1D,2024-02-15
1D,2024-02-16
1D,2024-02-17
1D,2024-02-18
1D,2024-02-19
1D,2024-02-20
1D,2024-02-21
1D,2024-02-22
1D,2024-02-23
1D,2024-02-24
1D,2024-02-25
1D,2024-02-26
1D,2024-02-27
1D,2024-02-28
1D,2024-02-29
1D,2024-03-01
1D,2024-03-02
1D,2024-03-03
1D,2024-03-04
1D,2024-03-05
1D,2024-03-06
1D,2024-03-07
1D,2024-03-08
1D,2024-03-09
1D,2024-03-10
1D,2024-03-11
1D,2024-03-12
1D,2024-03-13
1D,2024-03-14
1D,2024-03-15
1D,2024-03-16
1D,2024-03-17
1D,2024-03-18
1D,2024-03-19
1D,2024-03-20
1D,2024-03-21
1D,2024-03-22
1D,2024-03-23
1D,2024-03-24
1D,2024-03-25
1D,2024-03-26
1D,2024-03-27
1D,2024-03-28
1D,2024-03-29
1D,2024-03-30
1D,2024-03-31
1D,2024-04-01
1D,2024-04-02
1D,2024-04-03
1D,2024-04-04
1D,2024-04-05
1D,2024-04-06
1D,2024-04-07
1D,2024-04-08
1D,2024-04-09
1D,2024-04-10
1D,2024-04-11
1D,2024-04-12
1D,2024-04-13
1D,2024-04-14
1D,2024-04-15
1D,2024-04-16
1D,2024-04-17
1D,2024-04-18
1D,2024-04-19
1D,2024-04-20
1D,2024-04-21
1D,2024-04-22
1D,2024-04-23
1D,2024-04-24
1D,2024-04-25
1D,2024-04-26
1D,2024-04-27
1D,2024-04-28
1D,2024-04-29
1D,2024-04-30
1D,2024-05-01
1D,2024-05-02
1D,2024-05-03
1D,2024-05-04
1D,2024-05-05
1D,2024-05-06
1D,2024-05-07
1D,2024-05-08
1D,2024-05-09
1D,2024-05-10
1D,2024-05-11
1D,2024-05-12
1D,2024-05-13
1D,2024-05-14
1D,2024-05-15
1D,2024-05-16
1D,2024-05-17
1D,2024-05-18
1D,2024-05-19
1D,2024-05-20
1D,2024-05-21
1D,2024-05-22
1D,2024-05-23
1D,2024-05-24
1D,2024-05-25
1D,2024-05-26
1D,2024-05-27
1D,2024-05-28
1D,2024-05-29
1D,2024-05-30
1D,2024-05-31
1D,2024-06-01
1D,2024-06-02
1D,2024-06-03
1D,2024-06-04
1D,2024-06-05
1D,2024-06-06
2D,2019-10-06
2D,2019-10-07
2D,2019-10-08
2D,2019-10-09
2D,2019-10-10
2D,2019-10-11
2D,2019-10-12
2D,2019-10-13
2D,2019-10-14
2D,2019-10-15
2D,2019-10-16
2D,2019-10-17
2D,2019-10-18
2D,2019-10-19
2D,2019-10-20
2D,2020-04-06
2D,2020-05-11
2D,2020-05-13
2D,2020-10-29
2D,2021-08-01
2D,2021-08-02
2D,2021-08-03
2D,2021-08-04
2D,2021-08-05
2D,2021-08-06
2D,2021-08-07
2D,2021-08-08
2D,2021-08-09
2D,2021-08-10
2D,2021-08-11
2D,2021-08-12
2D,2021-08-13
2D,2021-08-14
2D,2021-08-15
2D,2021-08-16
2D,2021-08-17
2D,2021-08-18
2D,2021-08-19
2D,2021-08-20
2D,2021-08-21
2D,2021-08-22
2D,2021-08-23
2D,2022-04-14
2D,2022-07-03
2D,2022-10-25
2D,2022-10-26
2D,2022-10-27
2D,2022-10-28
2D,2022-10-29
2D,2022-10-30
2D,2022-10-31
2D,2022-11-01
2D,2023-02-04
2D,2023-05-03
2D,2023-05-04
2D,2023-05-05
2D,2023-05-06
2D,2023-06-22
2D,2023-06-23
2D,2023-06-24
2D,2023-06-25
2D,2023-06-26
2D,2023-06-27
2D,2023-10-05
3D,2020-01-29
3D,2020-01-30
3D,2020-01-31
3D,2020-02-01
3D,2020-02-02
3D,2020-02-03
3D,2020-02-04
3D,2020-02-05
3D,2020-02-06
3D,2020-02-07
3D,2020-02-08
3D,2020-02-09
3D,2020-02-10
3D,2020-02-11
3D,2020-02-12
3D,2020-02-13
3D,2020-02-14
3D,2020-02-15
3D,2020-02-16
3D,2020-02-17
3D,2020-02-18
3D,2020-02-19
3D,2020-02-20
3D,2020-02-21
3D,2020-02-22
3D,2020-02-23
3D,2020-02-24
3D,2020-02-25
3D,2020-02-26
3D,2020-02-27
3D,2020-02-28
3D,2020-02-29
3D,2020-03-01
3D,2020-03-02
3D,2020-03-03
3D,2020-03-04
3D,2020-03-05
3D,2020-03-06
3D,2020-03-07
3D,2020-03-08
3D,2020-03-09
3D,2020-03-10
3D,2020-03-11
3D,2020-03-12
3D,2020-03-13
3D,2020-03-14
3D,2020-03-15
3D,2020-03-16
3D,2020-03-17
3D,2020-03-18
3D,2020-03-19
3D,2020-03-20
3D,2020-03-21
3D,2020-03-22
3D,2020-03-23
3D,2020-03-24
3D,2020-03-25
3D,2020-03-26
3D,2020-03-27
3D,2020-03-28
3D,2020-03-29
3D,2020-03-30
3D,2020-03-31
3D,2020-04-01
3D,2020-04-02
3D,2020-04-03
3D,2020-04-04
3D,2020-04-05
3D,2020-04-06
3D,2020-04-07
3D,2020-04-08
3D,2020-04-09
3D,2020-04-10
3D,2020-04-11
3D,2020-04-12
3D,2020-04-13
3D,2020-04-14
3D,2020-04-15
3D,2020-04-16
3D,2020-04-17
3D,2020-04-18
3D,2020-04-19
3D,2020-04-20
3D,2020-04-21
3D,2020-04-22
3D,2020-04-23
3D,2020-04-24
3D,2020-04-25
3D,2020-04-26
3D,2020-04-27
3D,2020-04-28
3D,2020-04-29
3D,2020-04-30
3D,2020-05-01
3D,2020-05-02
3D,2020-05-03
3D,2020-05-04
3D,2020-05-05
3D,2020-05-06
3D,2020-05-07
3D,2020-05-08
3D,2020-05-09
3D,2020-05-10
3D,2020-05-11
3D,2020-05-12
3D,2020-05-13
3D,2020-05-14
3D,2020-05-15
3D,2020-05-16
3D,2020-05-17
3D,2020-05-18
3D,2020-05-19
3D,2020-05-20
3D,2020-05-21
3D,2020-05-22
3D,2020-05-23
3D,2020-05-24
3D,2020-05-25
3D,2020-05-26
3D,2020-05-27
3D,2020-05-28
3D,2020-05-29
3D,2020-05-30
3D,2020-05-31
3D,2020-06-01
3D,2020-06-02
3D,2020-06-03
3D,2020-06-04
3D,2020-06-05
3D,2020-06-06
3D,2020-06-07
3D,2020-06-08
3D,2020-06-09
3D,2020-06-10
3D,2020-06-11
3D,2020-06-12
3D,2020-06-13
3D,2020-06-14
3D,2020-06-15
3D,2020-06-16
3D,2020-06-17
3D,2020-06-18
3D,2020-06-19
3D,2020-06-20
3D,2020-06-21
3D,2020-06-22
3D,2020-06-23
3D,2020-06-24
3D,2020-06-25
3D,2020-06-26
3D,2020-06-27
3D,2020-06-28
3D,2020-06-29
3D,2020-06-30
3D,2020-07-01
3D,2020-07-02
3D,2020-07-03
3D,2020-07-04
3D,2020-07-05
3D,2020-07-06
3D,2020-07-07
3D,2020-07-08
3D,2020-07-09
3D,2020-07-10
3D,2020-07-11
3D,2020-07-12
3D,2020-07-13
3D,2020-07-14
3D,2020-07-15
3D,2020-07-16
3D,2020-07-17
3D,2020-07-18
3D,2020-07-19
3D,2020-07-20
3D,2020-07-21
3D,2020-07-22
3D,2020-07-23
3D,2020-07-24
3D,2020-07-25
3D,2020-07-26
3D,2020-07-27
3D,2020-07-28
3D,2020-07-29
3D,2020-07-30
3D,2020-07-31
3D,2020-08-01
3D,2020-08-02
3D,2020-08-03
3D,2020-08-04
3D,2020-08-05
3D,2020-08-06
3D,2020-08-07
3D,2020-08-08
3D,2020-08-09
3D,2020-08-10
3D,2020-08-11
3D,2020-08-12
3D,2020-08-13
3D,2020-08-14
3D,2020-08-15
3D,2020-08-16
3D,2020-08-17
3D,2020-08-18
3D,2020-08-19
3D,2020-08-20
3D,2020-08-21
3D,2020-08-22
3D,2020-08-23
3D,2020-08-24
3D,2020-08-25
3D,2020-08-26
3D,2020-08-27
3D,2020-08-28
3D,2020-08-29
3D,2020-08-30
3D,2020-08-31
3D,2020-09-01
3D,2020-09-02
3D,2020-09-03
3D,2020-09-04
3D,2020-09-05
3D,2020-09-06
3D,2020-09-07
3D,2020-09-08
3D,2020-09-09
3D,2020-09-10
3D,2020-09-11
3D,2020-09-12
3D,2020-09-13
3D,2020-09-14
3D,2020-09-15
3D,2020-09-16
3D,2020-09-17
3D,2020-09-18
3D,2020-09-19
3D,2020-09-20
3D,2020-09-21
3D,2020-09-22
3D,2020-09-23
3D,2020-09-24
3D,2020-09-25
3D,2020-09-26
3D,2020-09-27
3D,2020-09-28
3D,2020-09-29
3D,2020-09-30
3D,2020-10-01
3D,2020-10-02
3D,2020-10-03
3D,2020-10-04
3D,2020-10-05
3D,2020-10-06
3D,2020-10-07
3D,2020-10-08
3D,2020-10-09
3D,2020-10-10
3D,2020-10-11
3D,2020-10-12
3D,2020-10-13
3D,2020-10-14
3D,2020-10-15
3D,2020-10-16
3D,2020-10-17
3D,2020-10-18
3D,2020-10-19
3D,2020-10-20
3D,2020-10-21
3D,2020-10-22
3D,2020-10-23
3D,2020-10-24
3D,2020-10-25
3D,2020-10-26
3D,2020-10-27
3D,2020-10-28
3D,2020-10-29
3D,2020-10-30
3D,2020-10-31
3D,2020-11-01
3D,2020-11-02
3D,2020-11-03
3D,2020-11-04
3D,2020-11-05
3D,2020-11-06
3D,2020-11-07
3D,2020-11-08
3D,2020-11-09
3D,2020-11-10
3D,2020-11-11
3D,2020-11-12
3D,2020-11-13
3D,2020-11-14
3D,2020-11-15
3D,2020-11-16
3D,2020-11-17
3D,2020-11-18
3D,2020-11-19
3D,2020-11-20
3D,2020-11-21
3D,2020-11-22
3D,2020-11-23
3D,2020-11-24
3D,2020-11-25
3D,2020-11-26
3D,2020-11-27
3D,2020-11-28
3D,2020-11-29
3D,2020-11-30
3D,2020-12-01
3D,2020-12-02
3D,2020-12-03
3D,2020-12-04
3D,2020-12-05
3D,2020-12-06
3D,2020-12-07
3D,2020-12-08
3D,2020-12-09
3D,2020-12-10
3D,2020-12-11
3D,2020-12-12
3D,2020-12-13
3D,2020-12-14
3D,2020-12-15
3D,2020-12-16
3D,2020-12-17
3D,2020-12-18
3D,2020-12-19
3D,2020-12-20
3D,2020-12-21
3D,2020-12-22
3D,2020-12-23
3D,2020-12-24
3D,2020-12-25
3D,2020-12-26
3D,2020-12-27
3D,2020-12-28
3D,2020-12-29
3D,2020-12-30
3D,2020-12-31
3D,2021-01-01
3D,2021-01-02
3D,2021-01-03
3D,2021-01-04
3D,2021-01-05
3D,2021-01-06
3D,2021-01-07
3D,2021-01-08
3D,2021-01-09
3D,2021-01-10
3D,2021-01-11
3D,2021-01-12
3D,2021-01-13
3D,2021-01-14
3D,2021-01-15
3D,2021-01-16
3D,2021-01-17
3D,2021-01-18
3D,2021-01-19
3D,2021-01-20
3D,2021-01-21
3D,2021-01-22
3D,2021-01-23
3D,2021-01-24
3D,2021-01-25
3D,2021-01-26
3D,2021-01-27
3D,2021-01-28
3D,2021-01-29
3D,2021-01-30
3D,2021-01-31
3D,2021-02-01
3D,2021-02-02
3D,2021-02-03
3D,2021-02-04
3D,2021-02-05
3D,2021-02-06
3D,2021-02-07
3D,2021-02-08
3D,2021-02-09
3D,2021-02-10
3D,2021-02-11
3D,2021-02-12
3D,2021-02-13
3D,2021-02-14
3D,2021-02-15
3D,2021-02-16
3D,2021-02-17
3D,2021-02-18
3D,2021-02-19
3D,2021-02-20
3D,2021-02-21
3D,2021-02-22
3D,2021-02-23
3D,2021-02-24
3D,2021-02-25
3D,2021-02-26
3D,2021-02-27
3D,2021-02-28
3D,2021-03-01
3D,2021-03-02
3D,2021-03-03
3D,2021-03-04
3D,2021-03-05
3D,2021-03-06
3D,2021-03-07
3D,2021-03-08
3D,2021-03-09
3D,2021-03-10
3D,2021-03-11
3D,2021-03-12
3D,2021-03-13
3D,2021-03-14
3D,2021-03-15
3D,2021-03-16
3D,2021-03-17
3D,2021-03-18
3D,2021-03-19
3D,2021-03-20
3D,2021-03-21
3D,2021-03-22
3D,2021-03-23
3D,2021-03-24
3D,2021-03-25
3D,2021-03-26
3D,2021-03-27
3D,2021-03-28
3D,2021-03-29
3D,2021-03-30
3D,2021-03-31
3D,2021-04-01
3D,2021-04-02
3D,2021-04-03
3D,2021-04-04
3D,2021-04-05
3D,2021-04-06
3D,2021-04-07
3D,2021-04-08
3D,2021-04-09
3D,2021-04-10
3D,2021-04-11
3D,2021-04-12
3D,2021-04-13
3D,2021-04-14
3D,2021-04-15
3D,2021-04-16
3D,2021-04-17
3D,2021-04-18
3D,2021-04-19
3D,2021-04-20
3D,2021-04-21
3D,2021-04-22
3D,2021-04-23
3D,2021-04-24
3D,2021-04-25
3D,2021-04-26
3D,2021-04-27
3D,2021-04-28
3D,2021-04-29
3D,2021-04-30
3D,2021-05-01
3D,2021-05-02
3D,2021-05-03
3D,2021-05-04
3D,2021-05-05
3D,2021-05-06
3D,2021-05-07
3D,2021-05-08
3D,2021-05-09
3D,2021-05-10
3D,2021-05-11
3D,2021-05-12
3D,2021-05-13
3D,2021-05-14
3D,2021-05-15
3D,2021-05-16
3D,2021-05-17
3D,2021-05-18
3D,2021-05-19
3D,2021-05-20
3D,2021-05-21
3D,2021-05-22
3D,2021-05-23
3D,2021-05-24
3D,2021-05-25
3D,2021-05-26
3D,2021-05-27
3D,2021-05-28
3D,2021-05-29
3D,2021-05-30
3D,2021-05-31
3D,2021-06-01
3D,2021-06-02
3D,2021-06-03
3D,2021-06-04
3D,2021-06-05
3D,2021-06-06
3D,2021-06-07
3D,2021-06-08
3D,2021-06-09
3D,2021-06-10
3D,2021-06-11
3D,2021-06-12
3D,2021-06-13
3D,2021-06-14
3D,2021-06-15
3D,2021-06-16
3D,2021-06-17
3D,2021-06-18
3D,2021-06-19
3D,2021-06-20
3D,2021-06-21
3D,2021-06-22
3D,2021-06-23
3D,2021-06-24
3D,2021-06-25
3D,2021-06-26
3D,2021-06-27
3D,2021-06-28
3D,2021-06-29
3D,2021-06-30
3D,2021-07-01
3D,2021-07-02
3D,2021-07-03
3D,2021-07-04
3D,2021-07-05
3D,2021-07-06
3D,2021-07-07
3D,2021-07-08
3D,2021-07-09
3D,2021-07-10
3D,2021-07-11
3D,2021-07-12
3D,2021-07-13
3D,2021-07-14
3D,2021-07-15
3D,2021-07-16
3D,2021-07-17
3D,2021-07-18
3D,2021-07-19
3D,2021-07-20
3D,2021-07-21
3D,2021-07-22
3D,2021-07-23
3D,2021-07-24
3D,2021-07-25
3D,2021-07-26
3D,2021-07-27
3D,2021-07-28
3D,2021-07-29
3D,2021-07-30
3D,2021-07-31
3D,2021-08-01
3D,2021-08-02
3D,2021-08-03
3D,2021-08-04
3D,2021-08-05
3D,2021-08-06
3D,2021-08-07
3D,2021-08-08
3D,2021-08-09
3D,2021-08-10
3D,2021-08-11
3D,2021-08-12
3D,2021-08-13
3D,2021-08-14
3D,2021-08-15
3D,2021-08-16
3D,2021-08-17
3D,2021-08-18
3D,2021-08-19
3D,2021-08-20
3D,2021-08-21
3D,2021-08-22
3D,2021-08-23
3D,2021-10-29
3D,2021-12-02
3D,2021-12-03
3D,2021-12-04
3D,2021-12-05
3D,2021-12-06
3D,2021-12-07
3D,2021-12-08
3D,2021-12-09
3D,2021-12-10
3D,2021-12-11
3D,2021-12-12
3D,2021-12-13
3D,2021-12-14
3D,2021-12-15
3D,2021-12-16
3D,2021-12-17
3D,2021-12-18
3D,2021-12-19
3D,2021-12-20
3D,2021-12-21
3D,2021-12-22
3D,2021-12-23
3D,2021-12-24
3D,2021-12-25
3D,2021-12-26
3D,2021-12-27
3D,2021-12-28
3D,2021-12-29
3D,2021-12-30
3D,2021-12-31
3D,2022-01-01
3D,2022-01-02
3D,2022-01-03
3D,2022-01-04
3D,2022-01-05
3D,2022-01-06
3D,2022-01-07
3D,2022-01-08
3D,2022-01-09
3D,2022-01-10
3D,2022-01-11
3D,2022-01-12
3D,2022-01-13
3D,2022-01-14
3D,2022-01-15
3D,2022-01-16
3D,2022-01-17
3D,2022-01-18
3D,2022-01-19
3D,2022-01-20
3D,2022-01-21
3D,2022-01-22
3D,2022-01-23
3D,2022-01-24
3D,2022-01-25
3D,2022-01-26
3D,2022-01-27
3D,2022-01-28
3D,2022-01-29
3D,2022-01-30
3D,2022-01-31
3D,2022-02-01
3D,2022-02-02
3D,2022-02-03
3D,2022-02-04
3D,2022-02-05
3D,2022-02-06
3D,2022-02-07
3D,2022-02-08
3D,2022-02-09
3D,2022-02-10
3D,2022-02-11
3D,2022-02-12
3D,2022-02-13
3D,2022-02-14
3D,2022-02-15
3D,2022-02-16
3D,2022-02-17
3D,2022-02-18
3D,2022-02-19
3D,2022-02-20
3D,2022-02-21
3D,2022-02-22
3D,2022-02-23
3D,2022-02-24
3D,2022-02-25
3D,2022-02-26
3D,2022-02-27
3D,2022-02-28
3D,2022-03-01
3D,2022-03-02
3D,2022-03-03
3D,2022-03-04
3D,2022-03-05
3D,2022-03-06
3D,2022-03-07
3D,2022-03-08
3D,2022-03-09
3D,2022-03-10
3D,2022-03-11
3D,2022-03-12
3D,2022-03-13
3D,2022-03-14
3D,2022-03-15
3D,2022-03-16
3D,2022-03-17
3D,2022-03-18
3D,2022-03-19
3D,2022-03-20
3D,2022-03-21
3D,2022-03-22
3D,2022-03-23
3D,2022-03-24
3D,2022-03-25
3D,2022-03-26
3D,2022-03-27
3D,2022-03-28
3D,2022-03-29
3D,2022-03-30
3D,2022-03-31
3D,2022-04-01
3D,2022-04-02
3D,2022-04-03
3D,2022-04-04
3D,2022-04-05
3D,2022-04-06
3D,2022-04-07
3D,2022-04-08
3D,2022-04-09
3D,2022-04-10
3D,2022-04-11
3D,2022-04-12
3D,2022-04-13
3D,2022-04-14
3D,2022-04-15
3D,2022-04-16
3D,2022-04-17
3D,2022-04-18
3D,2022-04-19
3D,2022-04-20
3D,2022-04-21
3D,2022-04-22
3D,2022-04-23
3D,2022-04-24
3D,2022-04-25
3D,2022-04-26
3D,2022-04-27
3D,2022-04-28
3D,2022-04-29
3D,2022-04-30
3D,2022-05-01
3D,2022-05-02
3D,2022-05-03
3D,2022-05-04
3D,2022-05-05
3D,2022-05-06
3D,2022-05-07
3D,2022-05-08
3D,2022-05-09
3D,2022-05-10
3D,2022-05-11
3D,2022-05-12
3D,2022-05-13
3D,2022-05-14
3D,2022-05-15
3D,2022-05-16
3D,2022-05-17
3D,2022-05-18
3D,2022-05-19
3D,2022-05-20
3D,2022-05-21
3D,2022-05-22
3D,2022-05-23
3D,2022-05-24
3D,2022-05-25
3D,2022-05-26
3D,2022-05-27
3D,2022-05-28
3D,2022-05-29
3D,2022-05-30
3D,2022-05-31
3D,2022-06-01
3D,2022-06-02
3D,2022-06-03
3D,2022-06-04
3D,2022-06-05
3D,2022-06-06
3D,2022-06-07
3D,2022-06-08
3D,2022-06-09
3D,2022-06-10
3D,2022-06-11
3D,2022-06-12
3D,2022-06-13
3D,2022-06-14
3D,2022-06-15
3D,2022-06-16
3D,2022-06-17
3D,2022-06-18
3D,2022-06-19
3D,2022-06-20
3D,2022-06-21
3D,2022-06-22
3D,2022-06-23
3D,2022-06-24
3D,2022-06-25
3D,2022-06-26
3D,2022-06-27
3D,2022-06-28
3D,2022-06-29
3D,2022-06-30
3D,2022-07-01
3D,2022-07-02
3D,2022-07-03
3D,2022-07-04
3D,2022-07-05
3D,2022-07-06
3D,2022-07-07
3D,2022-07-08
3D,2022-07-09
3D,2022-07-10
3D,2022-07-11
3D,2022-07-12
3D,2022-07-13
3D,2022-07-14
3D,2022-07-15
3D,2022-07-16
3D,2022-07-17
3D,2022-07-18
3D,2022-07-19
3D,2022-07-20
3D,2022-07-21
3D,2022-07-22
3D,2022-07-23
3D,2022-07-24
3D,2022-07-25
3D,2022-07-26
3D,2022-07-27
3D,2022-07-28
3D,2022-07-29
3D,2022-07-30
3D,2022-07-31
3D,2022-08-01
3D,2022-08-02
3D,2022-08-03
3D,2022-08-04
3D,2022-08-05
3D,2022-08-06
3D,2022-08-07
3D,2022-08-08
3D,2022-08-09
3D,2022-08-10
3D,2022-08-11
3D,2022-08-12
3D,2022-08-13
3D,2022-08-14
3D,2022-08-15
3D,2022-08-16
3D,2022-08-17
3D,2022-08-18
3D,2022-08-19
3D,2022-08-20
3D,2022-08-21
3D,2022-08-22
3D,2022-08-23
3D,2022-08-24
3D,2022-08-25
3D,2022-08-26
3D,2022-08-27
3D,2022-08-28
3D,2022-08-29
3D,2022-08-30
3D,2022-08-31
3D,2022-09-01
3D,2022-09-02
3D,2022-09-03
3D,2022-09-04
3D,2022-09-05
3D,2022-09-06
3D,2022-09-07
3D,2022-09-08
3D,2022-09-09
3D,2022-09-10
3D,2022-09-11
3D,2022-09-12
3D,2022-09-13
3D,2022-09-14
3D,2022-09-15
3D,2022-09-16
3D,2022-09-17
3D,2022-09-18
3D,2022-09-19
3D,2022-09-20
3D,2022-09-21
3D,2022-09-22
3D,2022-09-23
3D,2022-09-24
3D,2022-09-25
3D,2022-09-26
3D,2022-09-27
3D,2022-09-28
3D,2022-09-29
3D,2022-09-30
3D,2022-10-01
3D,2022-10-02
3D,2022-10-03
3D,2022-10-04
3D,2022-10-05
3D,2022-10-06
3D,2022-10-07
3D,2022-10-08
3D,2022-10-09
3D,2022-10-10
3D,2022-10-11
3D,2022-10-12
3D,2022-10-13
3D,2022-10-14
3D,2022-10-15
3D,2022-10-16
3D,2022-10-17
3D,2022-10-18
3D,2022-10-19
3D,2022-10-20
3D,2022-10-21
3D,2022-10-22
3D,2022-10-23
3D,2022-10-24
3D,2022-10-25
3D,2022-10-26
3D,2022-10-27
3D,2022-10-28
3D,2022-10-29
3D,2022-10-30
3D,2022-10-31
3D,2022-11-01
3D,2022-11-02
3D,2022-11-03
3D,2022-11-04
3D,2022-11-05
3D,2022-11-06
3D,2022-11-07
3D,2022-11-08
3D,2022-11-09
3D,2022-11-10
3D,2022-11-11
3D,2022-11-12
3D,2022-11-13
3D,2022-11-14
3D,2022-11-15
3D,2022-11-16
3D,2022-11-17
3D,2022-11-18
3D,2022-11-19
3D,2022-11-20
3D,2022-11-21
3D,2022-11-22
3D,2022-11-23
3D,2022-11-24
3D,2022-11-25
3D,2022-11-26
3D,2022-11-27
3D,2022-11-28
3D,2022-11-29
3D,2022-11-30
3D,2022-12-01
3D,2022-12-02
3D,2022-12-03
3D,2022-12-04
3D,2022-12-05
3D,2022-12-06
3D,2022-12-07
3D,2022-12-08
3D,2022-12-09
3D,2022-12-10
3D,2022-12-11
3D,2022-12-12
3D,2022-12-13
3D,2022-12-14
3D,2022-12-15
3D,2022-12-16
3D,2022-12-17
3D,2022-12-18
3D,2022-12-19
3D,2022-12-20
3D,2022-12-21
3D,2022-12-22
3D,2022-12-23
3D,2022-12-24
3D,2022-12-25
3D,2022-12-26
3D,2022-12-27
3D,2022-12-28
3D,2022-12-29
3D,2022-12-30
3D,2022-12-31
3D,2023-01-01
3D,2023-01-02
3D,2023-01-03
3D,2023-01-04
3D,2023-01-05
3D,2023-01-06
3D,2023-01-07
3D,2023-01-08
3D,2023-01-09
3D,2023-01-10
3D,2023-01-11
3D,2023-01-12
3D,2023-01-13
3D,2023-01-14
3D,2023-01-15
3D,2023-01-16
3D,2023-01-17
3D,2023-01-18
3D,2023-01-19
3D,2023-01-20
3D,2023-01-21
3D,2023-01-22
3D,2023-01-23
3D,2023-01-24
3D,2023-01-25
3D,2023-01-26
3D,2023-01-27
3D,2023-01-28
3D,2023-01-29
3D,2023-01-30
3D,2023-01-31
3D,2023-02-01
3D,2023-02-02
3D,2023-02-03
3D,2023-02-04
3D,2023-02-05
3D,2023-02-06
3D,2023-02-07
3D,2023-02-08
3D,2023-02-09
3D,2023-02-10
3D,2023-02-11
3D,2023-02-12
3D,2023-02-13
3D,2023-02-14
3D,2023-02-15
3D,2023-02-16
3D,2023-02-17
3D,2023-02-18
3D,2023-02-19
3D,2023-02-20
3D,2023-02-21
3D,2023-02-22
3D,2023-02-23
3D,2023-02-24
3D,2023-02-25
3D,2023-02-26
3D,2023-02-27
3D,2023-02-28
3D,2023-03-01
3D,2023-03-02
3D,2023-03-03
3D,2023-03-04
3D,2023-03-05
3D,2023-03-06
3D,2023-03-07
3D,2023-03-08
3D,2023-03-09
3D,2023-03-10
3D,2023-03-11
3D,2023-03-12
3D,2023-03-13
3D,2023-03-14
3D,2023-03-15
3D,2023-03-16
3D,2023-03-17
3D,2023-03-18
3D,2023-03-19
3D,2023-03-20
3D,2023-03-21
3D,2023-03-22
3D,2023-03-23
3D,2023-03-24
3D,2023-03-25
3D,2023-03-26
3D,2023-03-27
3D,2023-03-28
3D,2023-03-29
3D,2023-03-30
3D,2023-03-31
3D,2023-04-01
3D,2023-04-02
3D,2023-04-03
3D,2023-04-04
3D,2023-04-05
3D,2023-04-06
3D,2023-04-07
3D,2023-04-08
3D,2023-04-09
3D,2023-04-10
3D,2023-04-11
3D,2023-04-12
3D,2023-04-13
3D,2023-04-14
3D,2023-04-15
3D,2023-04-16
3D,2023-04-17
3D,2023-04-18
3D,2023-04-19
3D,2023-04-20
3D,2023-04-21
3D,2023-04-22
3D,2023-04-23
3D,2023-04-24
3D,2023-04-25
3D,2023-04-26
3D,2023-04-27
3D,2023-04-28
3D,2023-04-29
3D,2023-04-30
3D,2023-05-01
3D,2023-05-02
3D,2023-05-03
3D,2023-05-04
3D,2023-05-05
3D,2023-05-06
3D,2023-05-07
3D,2023-05-08
3D,2023-05-09
3D,2023-05-10
3D,2023-05-11
3D,2023-05-12
3D,2023-05-13
3D,2023-05-14
3D,2023-05-15
3D,2023-05-16
3D,2023-05-17
3D,2023-05-18
3D,2023-05-19
3D,2023-05-20
3D,2023-05-21
3D,2023-05-22
3D,2023-05-23
3D,2023-05-24
3D,2023-05-25
3D,2023-05-26
3D,2023-05-27
3D,2023-05-28
3D,2023-05-29
3D,2023-05-30
3D,2023-05-31
3D,2023-06-01
3D,2023-06-02
3D,2023-06-03
3D,2023-06-04
3D,2023-06-05
3D,2023-06-06
3D,2023-06-07
3D,2023-06-08
3D,2023-06-09
3D,2023-06-10
3D,2023-06-11
3D,2023-06-12
3D,2023-06-13
3D,2023-06-14
3D,2023-06-15
3D,2023-06-16
3D,2023-06-17
3D,2023-06-18
3D,2023-06-19
3D,2023-06-20
3D,2023-06-21
3D,2023-06-22
3D,2023-06-23
3D,2023-06-24
3D,2023-06-25
3D,2023-06-26
3D,2023-06-27
3D,2023-06-28
3D,2023-06-29
3D,2023-06-30
3D,2023-07-01
3D,2023-07-02
3D,2023-07-03
3D,2023-07-04
3D,2023-07-05
3D,2023-07-06
3D,2023-07-07
3D,2023-07-08
3D,2023-07-09
3D,2023-07-10
3D,2023-07-11
3D,2023-07-12
3D,2023-07-13
3D,2023-07-14
3D,2023-07-15
3D,2023-07-16
3D,2023-07-17
3D,2023-07-18
3D,2023-07-19
3D,2023-07-20
3D,2023-07-21
3D,2023-07-22
3D,2023-07-23
3D,2023-07-24
3D,2023-07-25
3D,2023-07-26
3D,2023-07-27
3D,2023-07-28
3D,2023-07-29
3D,2023-07-30
3D,2023-07-31
3D,2023-08-01
3D,2023-08-02
3D,2023-08-03
3D,2023-08-04
3D,2023-08-05
3D,2023-08-06
3D,2023-08-07
3D,2023-08-08
3D,2023-08-09
3D,2023-08-10
3D,2023-08-11
3D,2023-08-12
3D,2023-08-13
3D,2023-08-14
3D,2023-08-15
3D,2023-08-16
3D,2023-08-17
3D,2023-08-18
3D,2023-08-19
3D,2023-08-20
3D,2023-08-21
3D,2023-08-22
3D,2023-08-23
3D,2023-08-24
3D,2023-08-25
3D,2023-08-26
3D,2023-08-27
3D,2023-08-28
3D,2023-08-29
3D,2023-08-30
3D,2023-08-31
3D,2023-09-01
3D,2023-09-02
3D,2023-09-03
3D,2023-09-04
3D,2023-09-05
3D,2023-09-06
3D,2023-09-07
3D,2023-09-08
3D,2023-09-09
3D,2023-09-10
3D,2023-09-11
3D,2023-09-12
3D,2023-09-13
3D,2023-09-14
3D,2023-09-15
3D,2023-09-16
3D,2023-09-17
3D,2023-09-18
3D,2023-09-19
3D,2023-09-20
3D,2023-09-21
3D,2023-09-22
3D,2023-09-23
3D,2023-09-24
3D,2023-09-25
3D,2023-09-26
3D,2023-09-27
3D,2023-09-28
3D,2023-09-29
3D,2023-09-30
3D,2023-10-01
3D,2023-10-02
3D,2023-10-03
3D,2023-10-04
3D,2023-10-05
3D,2023-10-06
3D,2023-10-07
3D,2023-10-08
3D,2023-10-09
3D,2023-10-10
3D,2023-10-11
3D,2023-10-12
3D,2023-10-13
3D,2023-10-14
3D,2023-10-15
3D,2023-10-16
3D,2023-10-17
3D,2023-10-18
3D,2023-10-19
3D,2023-10-20
3D,2023-10-21
3D,2023-10-22
3D,2023-10-23
3D,2023-10-24
3D,2023-10-25
3D,2023-10-26
3D,2023-10-27
3D,2023-10-28
3D,2023-10-29
3D,2023-10-30
3D,2023-10-31
3D,2023-11-01
3D,2023-11-02
3D,2023-11-03
3D,2023-11-04
3D,2023-11-05
3D,2023-11-06
3D,2023-11-07
3D,2023-11-08
3D,2023-11-09
3D,2023-11-10
3D,2023-11-11
3D,2023-11-12
3D,2023-11-13
3D,2023-11-14
3D,2023-11-15
3D,2023-11-16
3D,2023-11-17
3D,2023-11-18
3D,2023-11-19
3D,2023-11-20
3D,2023-11-21
3D,2023-11-22
3D,2023-11-23
3D,2023-11-24
3D,2023-11-25
3D,2023-11-26
3D,2023-11-27
3D,2023-11-28
3D,2023-11-29
3D,2023-11-30
3D,2023-12-01
3D,2023-12-02
3D,2023-12-03
3D,2023-12-04
3D,2023-12-05
3D,2023-12-06
3D,2023-12-07
3D,2023-12-08
3D,2023-12-09
3D,2023-12-10
3D,2023-12-11
3D,2023-12-12
3D,2023-12-13
3D,2023-12-14
3D,2023-12-15
3D,2023-12-16
3D,2023-12-17
3D,2023-12-18
3D,2023-12-19
3D,2023-12-20
3D,2023-12-21
3D,2023-12-22
3D,2023-12-23
3D,2023-12-24
3D,2023-12-25
3D,2023-12-26
3D,2023-12-27
3D,2023-12-28
3D,2023-12-29
3D,2023-12-30
3D,2023-12-31
3D,2024-01-01
3D,2024-01-02
3D,2024-01-03
3D,2024-01-04
3D,2024-01-05
3D,2024-01-06
3D,2024-01-07
3D,2024-01-08
3D,2024-01-09
3D,2024-01-10
3D,2024-01-11
3D,2024-01-12
3D,2024-01-13
3D,2024-01-14
3D,2024-01-15
3D,2024-01-16
3D,2024-01-17
3D,2024-01-18
3D,2024-01-19
3D,2024-01-20
3D,2024-01-21
3D,2024-01-22
3D,2024-01-23
3D,2024-01-24
3D,2024-01-25
3D,2024-01-26
3D,2024-01-27
3D,2024-01-28
3D,2024-01-29
3D,2024-01-30
3D,2024-01-31
3D,2024-02-01
3D,2024-02-02
3D,2024-02-03
3D,2024-02-04
3D,2024-02-05
3D,2024-02-06
3D,2024-02-07
3D,2024-02-08
3D,2024-02-09
3D,2024-02-10
3D,2024-02-11
3D,2024-02-12
3D,2024-02-13
3D,2024-02-14
3D,2024-02-15
3D,2024-02-16
3D,2024-02-17
3D,2024-02-18
3D,2024-02-19
3D,2024-02-20
3D,2024-02-21
3D,2024-02-22
3D,2024-02-23
3D,2024-02-24
3D,2024-02-25
3D,2024-02-26
3D,2024-02-27
3D,2024-02-28
3D,2024-02-29
3D,2024-03-01
3D,2024-03-02
3D,2024-03-03
3D,2024-03-04
3D,2024-03-05
3D,2024-03-06
3D,2024-03-07
3D,2024-03-08
3D,2024-03-09
3D,2024-03-10
3D,2024-03-11
3D,2024-03-12
3D,2024-03-13
3D,2024-03-14
3D,2024-03-15
3D,2024-03-16
3D,2024-03-17
3D,2024-03-18
3D,2024-03-19
3D,2024-03-20
3D,2024-03-21
3D,2024-03-22
3D,2024-03-23
3D,2024-03-24
3D,2024-03-25
3D,2024-03-26
3D,2024-03-27
3D,2024-03-28
3D,2024-03-29
3D,2024-03-30
3D,2024-03-31
3D,2024-04-01
3D,2024-04-02
3D,2024-04-03
3D,2024-04-04
3D,2024-04-05
3D,2024-04-06
3D,2024-04-07
3D,2024-04-08
3D,2024-04-09
3D,2024-04-10
3D,2024-04-11
3D,2024-04-12
3D,2024-04-13
3D,2024-04-14
3D,2024-04-15
3D,2024-04-16
3D,2024-04-17
3D,2024-04-18
3D,2024-04-19
3D,2024-04-20
3D,2024-04-21
3D,2024-04-22
3D,2024-04-23
3D,2024-04-24
3D,2024-04-25
3D,2024-04-26
3D,2024-04-27
3D,2024-04-28
3D,2024-04-29
3D,2024-04-30
3D,2024-05-01
3D,2024-05-02
3D,2024-05-03
3D,2024-05-04
3D,2024-05-05
3D,2024-05-06
3D,2024-05-07
3D,2024-05-08
3D,2024-05-09
3D,2024-05-10
3D,2024-05-11
3D,2024-05-12
3D,2024-05-13
3D,2024-05-14
3D,2024-05-15
3D,2024-05-16
3D,2024-05-17
3D,2024-05-18
3D,2024-05-19
3D,2024-05-20
3D,2024-05-21
3D,2024-05-22
3D,2024-05-23
3D,2024-05-24
3D,2024-05-25
3D,2024-05-26
3D,2024-05-27
3D,2024-05-28
3D,2024-05-29
3D,2024-05-30
3D,2024-05-31
3D,2024-06-01
3D,2024-06-02
3D,2024-06-03
3D,2024-06-04
3D,2024-06-05
3D,2024-06-06
3D,2024-06-07
3D,2024-06-08
3D,2024-06-09
3D,2024-06-10
3D,2024-06-11
4D,2020-03-23
4D,2020-06-04
4D,2020-06-20
4D,2021-02-18
4D,2021-05-08
4D,2021-08-01
4D,2021-08-02
4D,2021-08-03
4D,2021-08-04
4D,2021-08-05
4D,2021-08-06
4D,2021-08-07
4D,2021-08-08
4D,2021-08-09
4D,2021-08-10
4D,2021-08-11
4D,2021-08-12
4D,2021-08-13
4D,2021-08-14
4D,2021-08-15
4D,2021-08-16
4D,2021-08-17
4D,2021-08-18
4D,2021-08-19
4D,2021-08-20
4D,2021-08-21
4D,2021-08-22
4D,2021-08-23
4D,2021-10-31
4D,2021-11-25
4D,2021-12-07
4D,2022-03-29
4D,2022-04-02
4D,2022-07-15
4D,2022-08-11
4D,2022-10-25
4D,2022-10-26
4D,2022-10-27
4D,2022-10-28
4D,2022-10-29
4D,2022-10-30
4D,2022-10-31
4D,2022-11-01
4D,2022-11-24
4D,2023-05-04
4D,2023-05-05
4D,2023-06-22
4D,2023-06-23
4D,2023-06-24
4D,2023-06-25
4D,2023-06-26
4D,2023-06-27
4D,2023-08-25
4D,2023-10-05
4D,2024-02-05
4D,2024-02-06
4D,2024-02-07
4D,2024-02-08
4D,2024-02-09
4D,2024-02-10
4D,2024-02-18
4D,2024-02-21
4D,2024-02-28
4D,2025-01-01
4D,2025-01-11
4D,2025-06-14
5D,2020-01-30
5D,2020-01-31
5D,2020-02-01
5D,2020-02-02
5D,2020-02-03
5D,2020-02-04
5D,2020-02-05
5D,2020-02-06
5D,2020-02-07
5D,2020-02-08
5D,2020-02-09
5D,2020-02-10
5D,2020-02-11
5D,2020-02-12
5D,2020-02-13
5D,2020-02-14
5D,2020-02-15
5D,2020-02-16
5D,2020-02-17
5D,2020-02-18
5D,2020-02-19
5D,2020-02-20
5D,2020-02-21
5D,2020-02-22
5D,2020-02-23
5D,2020-02-24
5D,2020-02-25
5D,2020-02-26
5D,2020-02-27
5D,2020-02-28
5D,2020-02-29
5D,2020-03-01
5D,2020-03-02
5D,2020-03-03
5D,2020-03-04
5D,2020-03-05
5D,2020-03-06
5D,2020-03-07
5D,2020-03-08
5D,2020-03-09
5D,2020-03-10
5D,2020-03-11
5D,2020-03-12
5D,2020-03-13
5D,2020-03-14
5D,2020-03-15
5D,2020-03-16
5D,2020-03-17
5D,2020-03-18
5D,2020-03-19
5D,2020-03-20
5D,2020-03-21
5D,2020-03-22
5D,2020-03-23
5D,2020-03-24
5D,2020-03-25
5D,2020-03-26
5D,2020-03-27
5D,2020-03-28
5D,2020-03-29
5D,2020-03-30
5D,2020-03-31
5D,2020-04-01
5D,2020-04-02
5D,2020-04-03
5D,2020-04-04
5D,2020-04-05
5D,2020-04-06
5D,2020-04-07
5D,2020-04-08
5D,2020-04-09
5D,2020-04-10
5D,2020-04-11
5D,2020-04-12
5D,2020-04-13
5D,2020-04-14
5D,2020-04-15
5D,2020-04-16
5D,2020-04-17
5D,2020-04-18
5D,2020-04-19
5D,2020-04-20
5D,2020-04-21
5D,2020-04-22
5D,2020-04-23
5D,2020-04-24
5D,2020-04-25
5D,2020-04-26
5D,2020-04-27
5D,2020-04-28
5D,2020-04-29
5D,2020-04-30
5D,2020-05-01
5D,2020-05-02
5D,2020-05-03
5D,2020-05-04
5D,2020-05-05
5D,2020-05-06
5D,2020-05-07
5D,2020-05-08
5D,2020-05-09
5D,2020-05-10
5D,2020-05-11
5D,2020-05-12
5D,2020-05-13
5D,2020-05-14
5D,2020-05-15
5D,2020-05-16
5D,2020-05-17
5D,2020-05-18
5D,2020-05-19
5D,2020-05-20
5D,2020-05-21
5D,2020-05-22
5D,2020-05-23
5D,2020-05-24
5D,2020-05-25
5D,2020-05-26
5D,2020-05-27
5D,2020-05-28
5D,2020-05-29
5D,2020-05-30
5D,2020-05-31
5D,2020-06-01
5D,2020-06-02
5D,2020-06-03
5D,2020-06-04
5D,2020-06-05
5D,2020-06-06
5D,2020-06-07
5D,2020-06-08
5D,2020-06-09
5D,2020-06-10
5D,2020-06-11
5D,2020-06-12
5D,2020-06-13
5D,2020-06-14
5D,2020-06-15
5D,2020-06-16
5D,2020-06-17
5D,2020-06-18
5D,2020-06-19
5D,2020-06-20
5D,2020-06-21
5D,2020-06-22
5D,2020-06-23
5D,2020-06-24
5D,2020-06-25
5D,2020-06-26
5D,2020-06-27
5D,2020-06-28
5D,2020-06-29
5D,2020-06-30
5D,2020-07-01
5D,2020-07-02
5D,2020-07-03
5D,2020-07-04
5D,2020-07-05
5D,2020-07-06
5D,2020-07-07
5D,2020-07-08
5D,2020-07-09
5D,2020-07-10
5D,2020-07-11
5D,2020-07-12
5D,2020-07-13
5D,2020-07-14
5D,2020-07-15
5D,2020-07-16
5D,2020-07-17
5D,2020-07-18
5D,2020-07-19
5D,2020-07-20
5D,2020-07-21
5D,2020-07-22
5D,2020-07-23
5D,2020-07-24
5D,2020-07-25
5D,2020-07-26
5D,2020-07-27
5D,2020-07-28
5D,2020-07-29
5D,2020-07-30
5D,2020-07-31
5D,2020-08-01
5D,2020-08-02
5D,2020-08-03
5D,2020-08-04
5D,2020-08-05
5D,2020-08-06
5D,2020-08-07
5D,2020-08-08
5D,2020-08-09
5D,2020-08-10
5D,2020-08-11
5D,2020-08-12
5D,2020-08-13
5D,2020-08-14
5D,2020-08-15
5D,2020-08-16
5D,2020-08-17
5D,2020-08-18
5D,2020-08-19
5D,2020-08-20
5D,2020-08-21
5D,2020-08-22
5D,2020-08-23
5D,2020-08-24
5D,2020-08-25
5D,2020-08-26
5D,2020-08-27
5D,2020-08-28
5D,2020-08-29
5D,2020-08-30
5D,2020-08-31
5D,2020-09-01
5D,2020-09-02
5D,2020-09-03
5D,2020-09-04
5D,2020-09-05
5D,2020-09-06
5D,2020-09-07
5D,2020-09-08
5D,2020-09-09
5D,2020-09-10
5D,2020-09-11
5D,2020-09-12
5D,2020-09-13
5D,2020-09-14
5D,2020-09-15
5D,2020-09-16
5D,2020-09-17
5D,2020-09-18
5D,2020-09-19
5D,2020-09-20
5D,2020-09-21
5D,2020-09-22
5D,2020-09-23
5D,2020-09-24
5D,2020-09-25
5D,2020-09-26
5D,2020-09-27
5D,2020-09-28
5D,2020-09-29
5D,2020-09-30
5D,2020-10-01
5D,2020-10-02
5D,2020-10-03
5D,2020-10-04
5D,2020-10-05
5D,2020-10-06
5D,2020-10-07
5D,2020-10-08
5D,2020-10-09
5D,2020-10-10
5D,2020-10-11
5D,2020-10-12
5D,2020-10-13
5D,2020-10-14
5D,2020-10-15
5D,2020-10-16
5D,2020-10-17
5D,2020-10-18
5D,2020-10-19
5D,2020-10-20
5D,2020-10-21
5D,2020-10-22
5D,2020-10-23
5D,2020-10-24
5D,2020-10-25
5D,2020-10-26
5D,2020-10-27
5D,2020-10-28
5D,2020-10-29
5D,2020-10-30
5D,2020-10-31
5D,2020-11-01
5D,2020-11-02
5D,2020-11-03
5D,2020-11-04
5D,2020-11-05
5D,2020-11-06
5D,2020-11-07
5D,2020-11-08
5D,2020-11-09
5D,2020-11-10
5D,2020-11-11
5D,2020-11-12
5D,2020-11-13
5D,2020-11-14
5D,2020-11-15
5D,2020-11-16
5D,2020-11-17
5D,2020-11-18
5D,2020-11-19
5D,2020-11-20
5D,2020-11-21
5D,2020-11-22
5D,2020-11-23
5D,2020-11-24
5D,2020-11-25
5D,2020-11-26
5D,2020-11-27
5D,2020-11-28
5D,2020-11-29
5D,2020-11-30
5D,2020-12-01
5D,2020-12-02
5D,2020-12-03
5D,2020-12-04
5D,2020-12-05
5D,2020-12-06
5D,2020-12-07
5D,2020-12-08
5D,2020-12-09
5D,2020-12-10
5D,2020-12-11
5D,2020-12-12
5D,2020-12-13
5D,2020-12-14
5D,2020-12-15
5D,2020-12-16
5D,2020-12-17
5D,2020-12-18
5D,2020-12-19
5D,2020-12-20
5D,2020-12-21
5D,2020-12-22
5D,2020-12-23
5D,2020-12-24
5D,2020-12-25
5D,2020-12-26
5D,2020-12-27
5D,2020-12-28
5D,2020-12-29
5D,2020-12-30
5D,2020-12-31
5D,2021-01-01
5D,2021-01-02
5D,2021-01-03
5D,2021-01-04
5D,2021-01-05
5D,2021-01-06
5D,2021-01-07
5D,2021-01-08
5D,2021-01-09
5D,2021-01-10
5D,2021-01-11
5D,2021-01-12
5D,2021-01-13
5D,2021-01-14
5D,2021-01-15
5D,2021-01-16
5D,2021-01-17
5D,2021-01-18
5D,2021-01-19
5D,2021-01-20
5D,2021-01-21
5D,2021-01-22
5D,2021-01-23
5D,2021-01-24
5D,2021-01-25
5D,2021-01-26
5D,2021-01-27
5D,2021-01-28
5D,2021-01-29
5D,2021-01-30
5D,2021-01-31
5D,2021-02-01
5D,2021-02-02
5D,2021-02-03
5D,2021-02-04
5D,2021-02-05
5D,2021-02-06
5D,2021-02-07
5D,2021-02-08
5D,2021-02-09
5D,2021-02-10
5D,2021-02-11
5D,2021-02-12
5D,2021-02-13
5D,2021-02-14
5D,2021-02-15
5D,2021-02-16
5D,2021-02-17
5D,2021-02-18
5D,2021-02-19
5D,2021-02-20
5D,2021-02-21
5D,2021-02-22
5D,2021-02-23
5D,2021-02-24
5D,2021-02-25
5D,2021-02-26
5D,2021-02-27
5D,2021-02-28
5D,2021-03-01
5D,2021-03-02
5D,2021-03-03
5D,2021-03-04
5D,2021-03-05
5D,2021-03-06
5D,2021-03-07
5D,2021-03-08
5D,2021-03-09
5D,2021-03-10
5D,2021-03-11
5D,2021-03-12
5D,2021-03-13
5D,2021-03-14
5D,2021-03-15
5D,2021-03-16
5D,2021-03-17
5D,2021-03-18
5D,2021-03-19
5D,2021-03-20
5D,2021-03-21
5D,2021-03-22
5D,2021-03-23
5D,2021-03-24
5D,2021-03-25
5D,2021-03-26
5D,2021-03-27
5D,2021-03-28
5D,2021-03-29
5D,2021-03-30
5D,2021-03-31
5D,2021-04-01
5D,2021-04-02
5D,2021-04-03
5D,2021-04-04
5D,2021-04-05
5D,2021-04-06
5D,2021-04-07
5D,2021-04-08
5D,2021-04-09
5D,2021-04-10
5D,2021-04-11
5D,2021-04-12
5D,2021-04-13
5D,2021-04-14
5D,2021-04-15
5D,2021-04-16
5D,2021-04-17
5D,2021-04-18
5D,2021-04-19
5D,2021-04-20
5D,2021-04-21
5D,2021-04-22
5D,2021-04-23
5D,2021-04-24
5D,2021-04-25
5D,2021-04-26
5D,2021-04-27
5D,2021-04-28
5D,2021-04-29
5D,2021-04-30
5D,2021-05-01
5D,2021-05-02
5D,2021-05-03
5D,2021-05-04
5D,2021-05-05
5D,2021-05-06
5D,2021-05-07
5D,2021-05-08
5D,2021-05-09
5D,2021-05-10
5D,2021-05-11
5D,2021-05-12
5D,2021-05-13
5D,2021-05-14
5D,2021-05-15
5D,2021-05-16
5D,2021-05-17
5D,2021-05-18
5D,2021-05-19
5D,2021-05-20
5D,2021-05-21
5D,2021-05-22
5D,2021-05-23
5D,2021-05-24
5D,2021-05-25
5D,2021-05-26
5D,2021-05-27
5D,2021-05-28
5D,2021-05-29
5D,2021-05-30
5D,2021-05-31
5D,2021-06-01
5D,2021-06-02
5D,2021-06-03
5D,2021-06-04
5D,2021-06-05
5D,2021-06-06
5D,2021-06-07
5D,2021-06-08
5D,2021-06-09
5D,2021-06-10
5D,2021-06-11
5D,2021-06-12
5D,2021-06-13
5D,2021-06-14
5D,2021-06-15
5D,2021-06-16
5D,2021-06-17
5D,2021-06-18
5D,2021-06-19
5D,2021-06-20
5D,2021-06-21
5D,2021-06-22
5D,2021-06-23
5D,2021-06-24
5D,2021-06-25
5D,2021-06-26
5D,2021-06-27
5D,2021-06-28
5D,2021-06-29
5D,2021-06-30
5D,2021-07-01
5D,2021-07-02
5D,2021-07-03
5D,2021-07-04
5D,2021-07-05
5D,2021-07-06
5D,2021-07-07
5D,2021-07-08
5D,2021-07-09
5D,2021-07-10
5D,2021-07-11
5D,2021-07-12
5D,2021-07-13
5D,2021-07-14
5D,2021-07-15
5D,2021-07-16
5D,2021-07-17
5D,2021-07-18
5D,2021-07-19
5D,2021-07-20
5D,2021-07-21
5D,2021-07-22
5D,2021-07-23
5D,2021-07-24
5D,2021-07-25
5D,2021-07-26
5D,2021-07-27
5D,2021-07-28
5D,2021-07-29
5D,2021-07-30
5D,2021-07-31
5D,2021-08-01
5D,2021-08-02
5D,2021-08-03
5D,2021-08-04
5D,2021-08-05
5D,2021-08-06
5D,2021-08-07
5D,2021-08-08
5D,2021-08-09
5D,2021-08-10
5D,2021-08-11
5D,2021-08-12
5D,2021-08-13
5D,2021-08-14
5D,2021-08-15
5D,2021-08-16
5D,2021-08-17
5D,2021-08-18
5D,2021-08-19
5D,2021-08-20
5D,2021-08-21
5D,2021-08-22
5D,2021-08-23
5D,2021-12-02
5D,2021-12-03
5D,2021-12-04
5D,2021-12-05
5D,2021-12-06
5D,2021-12-07
5D,2021-12-08
5D,2021-12-09
5D,2021-12-10
5D,2021-12-11
5D,2021-12-12
5D,2021-12-13
5D,2021-12-14
5D,2021-12-15
5D,2021-12-16
5D,2021-12-17
5D,2021-12-18
5D,2021-12-19
5D,2021-12-20
5D,2021-12-21
5D,2021-12-22
5D,2021-12-23
5D,2021-12-24
5D,2021-12-25
5D,2021-12-26
5D,2021-12-27
5D,2021-12-28
5D,2021-12-29
5D,2021-12-30
5D,2021-12-31
5D,2022-01-01
5D,2022-01-02
5D,2022-01-03
5D,2022-01-04
5D,2022-01-05
5D,2022-01-06
5D,2022-01-07
5D,2022-01-08
5D,2022-01-09
5D,2022-01-10
5D,2022-01-11
5D,2022-01-12
5D,2022-01-13
5D,2022-01-14
5D,2022-01-15
5D,2022-01-16
5D,2022-01-17
5D,2022-01-18
5D,2022-01-19
5D,2022-01-20
5D,2022-01-21
5D,2022-01-22
5D,2022-01-23
5D,2022-01-24
5D,2022-01-25
5D,2022-01-26
5D,2022-01-27
5D,2022-01-28
5D,2022-01-29
5D,2022-01-30
5D,2022-01-31
5D,2022-02-01
5D,2022-02-02
5D,2022-02-03
5D,2022-02-04
5D,2022-02-05
5D,2022-02-06
5D,2022-02-07
5D,2022-02-08
5D,2022-02-09
5D,2022-02-10
5D,2022-02-11
5D,2022-02-12
5D,2022-02-13
5D,2022-02-14
5D,2022-02-15
5D,2022-02-16
5D,2022-02-17
5D,2022-02-18
5D,2022-02-19
5D,2022-02-20
5D,2022-02-21
5D,2022-02-22
5D,2022-02-23
5D,2022-02-24
5D,2022-02-25
5D,2022-02-26
5D,2022-02-27
5D,2022-02-28
5D,2022-03-01
5D,2022-03-02
5D,2022-03-03
5D,2022-03-04
5D,2022-03-05
5D,2022-03-06
5D,2022-03-07
5D,2022-03-08
5D,2022-03-09
5D,2022-03-10
5D,2022-03-11
5D,2022-03-12
5D,2022-03-13
5D,2022-03-14
5D,2022-03-15
5D,2022-03-16
5D,2022-03-17
5D,2022-03-18
5D,2022-03-19
5D,2022-03-20
5D,2022-03-21
5D,2022-03-22
5D,2022-03-23
5D,2022-03-24
5D,2022-03-25
5D,2022-03-26
5D,2022-03-27
5D,2022-03-28
5D,2022-03-29
5D,2022-03-30
5D,2022-03-31
5D,2022-04-01
5D,2022-04-02
5D,2022-04-03
5D,2022-04-04
5D,2022-04-05
5D,2022-04-06
5D,2022-04-07
5D,2022-04-08
5D,2022-04-09
5D,2022-04-10
5D,2022-04-11
5D,2022-04-12
5D,2022-04-13
5D,2022-04-14
5D,2022-04-15
5D,2022-04-16
5D,2022-04-17
5D,2022-04-18
5D,2022-04-19
5D,2022-04-20
5D,2022-04-21
5D,2022-04-22
5D,2022-04-23
5D,2022-04-24
5D,2022-04-25
5D,2022-04-26
5D,2022-04-27
5D,2022-04-28
5D,2022-04-29
5D,2022-04-30
5D,2022-05-01
5D,2022-05-02
5D,2022-05-03
5D,2022-05-04
5D,2022-05-05
5D,2022-05-06
5D,2022-05-07
5D,2022-05-08
5D,2022-05-09
5D,2022-05-10
5D,2022-05-11
5D,2022-05-12
5D,2022-05-13
5D,2022-05-14
5D,2022-05-15
5D,2022-05-16
5D,2022-05-17
5D,2022-05-18
5D,2022-05-19
5D,2022-05-20
5D,2022-05-21
5D,2022-05-22
5D,2022-05-23
5D,2022-05-24
5D,2022-05-25
5D,2022-05-26
5D,2022-05-27
5D,2022-05-28
5D,2022-05-29
5D,2022-05-30
5D,2022-05-31
5D,2022-06-01
5D,2022-06-02
5D,2022-06-03
5D,2022-06-04
5D,2022-06-05
5D,2022-06-06
5D,2022-06-07
5D,2022-06-08
5D,2022-06-09
5D,2022-06-10
5D,2022-06-11
5D,2022-06-12
5D,2022-06-13
5D,2022-06-14
5D,2022-06-15
5D,2022-06-16
5D,2022-06-17
5D,2022-06-18
5D,2022-06-19
5D,2022-06-20
5D,2022-06-21
5D,2022-06-22
5D,2022-06-23
5D,2022-06-24
5D,2022-06-25
5D,2022-06-26
5D,2022-06-27
5D,2022-06-28
5D,2022-06-29
5D,2022-06-30
5D,2022-07-01
5D,2022-07-02
5D,2022-07-03
5D,2022-07-04
5D,2022-07-05
5D,2022-07-06
5D,2022-07-07
5D,2022-07-08
5D,2022-07-09
5D,2022-07-10
5D,2022-07-11
5D,2022-07-12
5D,2022-07-13
5D,2022-07-14
5D,2022-07-15
5D,2022-07-16
5D,2022-07-17
5D,2022-07-18
5D,2022-07-19
5D,2022-07-20
5D,2022-07-21
5D,2022-07-22
5D,2022-07-23
5D,2022-07-24
5D,2022-07-25
5D,2022-07-26
5D,2022-07-27
5D,2022-07-28
5D,2022-07-29
5D,2022-07-30
5D,2022-07-31
5D,2022-08-01
5D,2022-08-02
5D,2022-08-03
5D,2022-08-04
5D,2022-08-05
5D,2022-08-06
5D,2022-08-07
5D,2022-08-08
5D,2022-08-09
5D,2022-08-10
5D,2022-08-11
5D,2022-08-12
5D,2022-08-13
5D,2022-08-14
5D,2022-08-15
5D,2022-08-16
5D,2022-08-17
5D,2022-08-18
5D,2022-08-19
5D,2022-08-20
5D,2022-08-21
5D,2022-08-22
5D,2022-08-23
5D,2022-08-24
5D,2022-08-25
5D,2022-08-26
5D,2022-08-27
5D,2022-08-28
5D,2022-08-29
5D,2022-08-30
5D,2022-08-31
5D,2022-09-01
5D,2022-09-02
5D,2022-09-03
5D,2022-09-04
5D,2022-09-05
5D,2022-09-06
5D,2022-09-07
5D,2022-09-08
5D,2022-09-09
5D,2022-09-10
5D,2022-09-11
5D,2022-09-12
5D,2022-09-13
5D,2022-09-14
5D,2022-09-15
5D,2022-09-16
5D,2022-09-17
5D,2022-09-18
5D,2022-09-19
5D,2022-09-20
5D,2022-09-21
5D,2022-09-22
5D,2022-09-23
5D,2022-09-24
5D,2022-09-25
5D,2022-09-26
5D,2022-09-27
5D,2022-09-28
5D,2022-09-29
5D,2022-09-30
5D,2022-10-01
5D,2022-10-02
5D,2022-10-03
5D,2022-10-04
5D,2022-10-05
5D,2022-10-06
5D,2022-10-07
5D,2022-10-08
5D,2022-10-09
5D,2022-10-10
5D,2022-10-11
5D,2022-10-12
5D,2022-10-13
5D,2022-10-14
5D,2022-10-15
5D,2022-10-16
5D,2022-10-17
5D,2022-10-18
5D,2022-10-19
5D,2022-10-20
5D,2022-10-21
5D,2022-10-22
5D,2022-10-23
5D,2022-10-24
5D,2022-10-25
5D,2022-10-26
5D,2022-10-27
5D,2022-10-28
5D,2022-10-29
5D,2022-10-30
5D,2022-10-31
5D,2022-11-01
5D,2022-11-02
5D,2022-11-03
5D,2022-11-04
5D,2022-11-05
5D,2022-11-06
5D,2022-11-07
5D,2022-11-08
5D,2022-11-09
5D,2022-11-10
5D,2022-11-11
5D,2022-11-12
5D,2022-11-13
5D,2022-11-14
5D,2022-11-15
5D,2022-11-16
5D,2022-11-17
5D,2022-11-18
5D,2022-11-19
5D,2022-11-20
5D,2022-11-21
5D,2022-11-22
5D,2022-11-23
5D,2022-11-24
5D,2022-11-25
5D,2022-11-26
5D,2022-11-27
5D,2022-11-28
5D,2022-11-29
5D,2022-11-30
5D,2022-12-01
5D,2022-12-02
5D,2022-12-03
5D,2022-12-04
5D,2022-12-05
5D,2022-12-06
5D,2022-12-07
5D,2022-12-08
5D,2022-12-09
5D,2022-12-10
5D,2022-12-11
5D,2022-12-12
5D,2022-12-13
5D,2022-12-14
5D,2022-12-15
5D,2022-12-16
5D,2022-12-17
5D,2022-12-18
5D,2022-12-19
5D,2022-12-20
5D,2022-12-21
5D,2022-12-22
5D,2022-12-23
5D,2022-12-24
5D,2022-12-25
5D,2022-12-26
5D,2022-12-27
5D,2022-12-28
5D,2022-12-29
5D,2022-12-30
5D,2022-12-31
5D,2023-01-01
5D,2023-01-02
5D,2023-01-03
5D,2023-01-04
5D,2023-01-05
5D,2023-01-06
5D,2023-01-07
5D,2023-01-08
5D,2023-01-09
5D,2023-01-10
5D,2023-01-11
5D,2023-01-12
5D,2023-01-13
5D,2023-01-14
5D,2023-01-15
5D,2023-01-16
5D,2023-01-17
5D,2023-01-18
5D,2023-01-19
5D,2023-01-20
5D,2023-01-21
5D,2023-01-22
5D,2023-01-23
5D,2023-01-24
5D,2023-01-25
5D,2023-01-26
5D,2023-01-27
5D,2023-01-28
5D,2023-01-29
5D,2023-01-30
5D,2023-01-31
5D,2023-02-01
5D,2023-02-02
5D,2023-02-03
5D,2023-02-04
5D,2023-02-05
5D,2023-02-06
5D,2023-02-07
5D,2023-02-08
5D,2023-02-09
5D,2023-02-10
5D,2023-02-11
5D,2023-02-12
5D,2023-02-13
5D,2023-02-14
5D,2023-02-15
5D,2023-02-16
5D,2023-02-17
5D,2023-02-18
5D,2023-02-19
5D,2023-02-20
5D,2023-02-21
5D,2023-02-22
5D,2023-02-23
5D,2023-02-24
5D,2023-02-25
5D,2023-02-26
5D,2023-02-27
5D,2023-02-28
5D,2023-03-01
5D,2023-03-02
5D,2023-03-03
5D,2023-03-04
5D,2023-03-05
5D,2023-03-06
5D,2023-03-07
5D,2023-03-08
5D,2023-03-09
5D,2023-03-10
5D,2023-03-11
5D,2023-03-12
5D,2023-03-13
5D,2023-03-14
5D,2023-03-15
5D,2023-03-16
5D,2023-03-17
5D,2023-03-18
5D,2023-03-19
5D,2023-03-20
5D,2023-03-21
5D,2023-03-22
5D,2023-03-23
5D,2023-03-24
5D,2023-03-25
5D,2023-03-26
5D,2023-03-27
5D,2023-03-28
5D,2023-03-29
5D,2023-03-30
5D,2023-03-31
5D,2023-04-01
5D,2023-04-02
5D,2023-04-03
5D,2023-04-04
5D,2023-04-05
5D,2023-04-06
5D,2023-04-07
5D,2023-04-08
5D,2023-04-09
5D,2023-04-10
5D,2023-04-11
5D,2023-04-12
5D,2023-04-13
5D,2023-04-14
5D,2023-04-15
5D,2023-04-16
5D,2023-04-17
5D,2023-04-18
5D,2023-04-19
5D,2023-04-20
5D,2023-04-21
5D,2023-04-22
5D,2023-04-23
5D,2023-04-24
5D,2023-04-25
5D,2023-04-26
5D,2023-04-27
5D,2023-04-28
5D,2023-04-29
5D,2023-04-30
5D,2023-05-01
5D,2023-05-02
5D,2023-05-03
5D,2023-05-04
5D,2023-05-05
5D,2023-05-06
5D,2023-05-07
5D,2023-05-08
5D,2023-05-09
5D,2023-05-10
5D,2023-05-11
5D,2023-05-12
5D,2023-05-13
5D,2023-05-14
5D,2023-05-15
5D,2023-05-16
5D,2023-05-17
5D,2023-05-18
5D,2023-05-19
5D,2023-05-20
5D,2023-05-21
5D,2023-05-22
5D,2023-05-23
5D,2023-05-24
5D,2023-05-25
5D,2023-05-26
5D,2023-05-27
5D,2023-05-28
5D,2023-05-29
5D,2023-05-30
5D,2023-05-31
5D,2023-06-01
5D,2023-06-02
5D,2023-06-03
5D,2023-06-04
5D,2023-06-05
5D,2023-06-06
5D,2023-06-07
5D,2023-06-08
5D,2023-06-09
5D,2023-06-10
5D,2023-06-11
5D,2023-06-12
5D,2023-06-13
5D,2023-06-14
5D,2023-06-15
5D,2023-06-16
5D,2023-06-17
5D,2023-06-18
5D,2023-06-19
5D,2023-06-20
5D,2023-06-21
5D,2023-06-22
5D,2023-06-23
5D,2023-06-24
5D,2023-06-25
5D,2023-06-26
5D,2023-06-27
5D,2023-06-28
5D,2023-06-29
5D,2023-06-30
5D,2023-07-01
5D,2023-07-02
5D,2023-07-03
5D,2023-07-04
5D,2023-07-05
5D,2023-07-06
5D,2023-07-07
5D,2023-07-08
5D,2023-07-09
5D,2023-07-10
5D,2023-07-11
5D,2023-07-12
5D,2023-07-13
5D,2023-07-14
5D,2023-07-15
5D,2023-07-16
5D,2023-07-17
5D,2023-07-18
5D,2023-07-19
5D,2023-07-20
5D,2023-07-21
5D,2023-07-22
5D,2023-07-23
5D,2023-07-24
5D,2023-07-25
5D,2023-07-26
5D,2023-07-27
5D,2023-07-28
5D,2023-07-29
5D,2023-07-30
5D,2023-07-31
5D,2023-08-01
5D,2023-08-02
5D,2023-08-03
5D,2023-08-04
5D,2023-08-05
5D,2023-08-06
5D,2023-08-07
5D,2023-08-08
5D,2023-08-09
5D,2023-08-10
5D,2023-08-11
5D,2023-08-12
5D,2023-08-13
5D,2023-08-14
5D,2023-08-15
5D,2023-08-16
5D,2023-08-17
5D,2023-08-18
5D,2023-08-19
5D,2023-08-20
5D,2023-08-21
5D,2023-08-22
5D,2023-08-23
5D,2023-08-24
5D,2023-08-25
5D,2023-08-26
5D,2023-08-27
5D,2023-08-28
5D,2023-08-29
5D,2023-08-30
5D,2023-08-31
5D,2023-09-01
5D,2023-09-02
5D,2023-09-03
5D,2023-09-04
5D,2023-09-05
5D,2023-09-06
5D,2023-09-07
5D,2023-09-08
5D,2023-09-09
5D,2023-09-10
5D,2023-09-11
5D,2023-09-12
5D,2023-09-13
5D,2023-09-14
5D,2023-09-15
5D,2023-09-16
5D,2023-09-17
5D,2023-09-18
5D,2023-09-19
5D,2023-09-20
5D,2023-09-21
5D,2023-09-22
5D,2023-09-23
5D,2023-09-24
5D,2023-09-25
5D,2023-09-26
5D,2023-09-27
5D,2023-09-28
5D,2023-09-29
5D,2023-09-30
5D,2023-10-01
5D,2023-10-02
5D,2023-10-03
5D,2023-10-04
5D,2023-10-05
5D,2023-10-06
5D,2023-10-07
5D,2023-10-08
5D,2023-10-09
5D,2023-10-10
5D,2023-10-11
5D,2023-10-12
5D,2023-10-13
5D,2023-10-14
5D,2023-10-15
5D,2023-10-16
5D,2023-10-17
5D,2023-10-18
5D,2023-10-19
5D,2023-10-20
5D,2023-10-21
5D,2023-10-22
5D,2023-10-23
5D,2023-10-24
5D,2023-10-25
5D,2023-10-26
5D,2023-10-27
5D,2023-10-28
5D,2023-10-29
5D,2023-10-30
5D,2023-10-31
5D,2023-11-01
5D,2023-11-02
5D,2023-11-03
5D,2023-11-04
5D,2023-11-05
5D,2023-11-06
5D,2023-11-07
5D,2023-11-08
5D,2023-11-09
5D,2023-11-10
5D,2023-11-11
5D,2023-11-12
5D,2023-11-13
5D,2023-11-14
5D,2023-11-15
5D,2023-11-16
5D,2023-11-17
5D,2023-11-18
5D,2023-11-19
5D,2023-11-20
5D,2023-11-21
5D,2023-11-22
5D,2023-11-23
5D,2023-11-24
5D,2023-11-25
5D,2023-11-26
5D,2023-11-27
5D,2023-11-28
5D,2023-11-29
5D,2023-11-30
5D,2023-12-01
5D,2023-12-02
5D,2023-12-03
5D,2023-12-04
5D,2023-12-05
5D,2023-12-06
5D,2023-12-07
5D,2023-12-08
5D,2023-12-09
5D,2023-12-10
5D,2023-12-11
5D,2023-12-12
5D,2023-12-13
5D,2023-12-14
5D,2023-12-15
5D,2023-12-16
5D,2023-12-17
5D,2023-12-18
5D,2023-12-19
5D,2023-12-20
5D,2023-12-21
5D,2023-12-22
5D,2023-12-23
5D,2023-12-24
5D,2023-12-25
5D,2023-12-26
5D,2023-12-27
5D,2023-12-28
5D,2023-12-29
5D,2023-12-30
5D,2023-12-31
5D,2024-01-01
5D,2024-01-02
5D,2024-01-03
5D,2024-01-04
5D,2024-01-05
5D,2024-01-06
5D,2024-01-07
5D,2024-01-08
5D,2024-01-09
5D,2024-01-10
5D,2024-01-11
5D,2024-01-12
5D,2024-01-13
5D,2024-01-14
5D,2024-01-15
5D,2024-01-16
5D,2024-01-17
5D,2024-01-18
5D,2024-01-19
5D,2024-01-20
5D,2024-01-21
5D,2024-01-22
5D,2024-01-23
5D,2024-01-24
5D,2024-01-25
5D,2024-01-26
5D,2024-01-27
5D,2024-01-28
5D,2024-01-29
5D,2024-01-30
5D,2024-01-31
5D,2024-02-01
5D,2024-02-02
5D,2024-02-03
5D,2024-02-04
5D,2024-02-05
5D,2024-02-06
5D,2024-02-07
5D,2024-02-08
5D,2024-02-09
5D,2024-02-10
5D,2024-02-11
5D,2024-02-12
5D,2024-02-13
5D,2024-02-14
5D,2024-02-15
5D,2024-02-16
5D,2024-02-17
5D,2024-02-18
5D,2024-02-19
5D,2024-02-20
5D,2024-02-21
5D,2024-02-22
5D,2024-02-23
5D,2024-02-24
5D,2024-02-25
5D,2024-02-26
5D,2024-02-27
5D,2024-02-28
5D,2024-02-29
5D,2024-03-01
5D,2024-03-02
5D,2024-03-03
5D,2024-03-04
5D,2024-03-05
5D,2024-03-06
5D,2024-03-07
5D,2024-03-08
5D,2024-03-09
5D,2024-03-10
5D,2024-03-11
5D,2024-03-12
5D,2024-03-13
5D,2024-03-14
5D,2024-03-15
5D,2024-03-16
5D,2024-03-17
5D,2024-03-18
5D,2024-03-19
5D,2024-03-20
5D,2024-03-21
5D,2024-03-22
5D,2024-03-23
5D,2024-03-24
5D,2024-03-25
5D,2024-03-26
5D,2024-03-27
5D,2024-03-28
5D,2024-03-29
5D,2024-03-30
5D,2024-03-31
5D,2024-04-01
5D,2024-04-02
5D,2024-04-03
5D,2024-04-04
5D,2024-04-05
5D,2024-04-06
5D,2024-04-07
5D,2024-04-08
5D,2024-04-09
5D,2024-04-10
5D,2024-04-11
5D,2024-04-12
5D,2024-04-13
5D,2024-04-14
5D,2024-04-15
5D,2024-04-16
5D,2024-04-17
5D,2024-04-18
5D,2024-04-19
5D,2024-04-20
5D,2024-04-21
5D,2024-04-22
5D,2024-04-23
5D,2024-04-24
5D,2024-04-25
5D,2024-04-26
5D,2024-04-27
5D,2024-04-28
5D,2024-04-29
5D,2024-04-30
5D,2024-05-01
5D,2024-05-02
5D,2024-05-03
5D,2024-05-04
5D,2024-05-05
5D,2024-05-06
5D,2024-05-07
5D,2024-05-08
5D,2024-05-09
5D,2024-05-10
5D,2024-05-11
5D,2024-05-12
5D,2024-05-13
5D,2024-05-14
5D,2024-05-15
5D,2024-05-16
5D,2024-05-17
5D,2024-05-18
5D,2024-05-19
5D,2024-05-20
5D,2024-05-21
5D,2024-05-22
5D,2024-05-23
5D,2024-05-24
5D,2024-05-25
5D,2024-05-26
5D,2024-05-27
5D,2024-05-28
5D,2024-05-29
5D,2024-05-30
5D,2024-05-31
5D,2024-06-01
5D,2024-06-02
5D,2024-06-03
5D,2024-06-04
5D,2024-06-05
5D,2024-06-06
5D,2024-06-07
5D,2024-06-08
5D,2024-06-09
5D,2024-06-10
5D,2024-06-11
6D,2020-07-09
6D,2021-02-11
6D,2021-04-17
6D,2021-08-01
6D,2021-08-02
6D,2021-08-03
6D,2021-08-04
6D,2021-08-05
6D,2021-08-06
6D,2021-08-07
6D,2021-08-08
6D,2021-08-09
6D,2021-08-10
6D,2021-08-11
6D,2021-08-12
6D,2021-08-13
6D,2021-08-14
6D,2021-08-15
6D,2021-08-16
6D,2021-08-17
6D,2021-08-18
6D,2021-08-19
6D,2021-08-20
6D,2021-08-21
6D,2021-08-22
6D,2021-08-23
6D,2021-12-02
6D,2021-12-03
6D,2021-12-04
6D,2021-12-05
6D,2021-12-06
6D,2021-12-07
6D,2021-12-08
6D,2021-12-09
6D,2021-12-10
6D,2021-12-11
6D,2021-12-12
6D,2021-12-13
6D,2021-12-14
6D,2021-12-15
6D,2021-12-16
6D,2021-12-17
6D,2021-12-18
6D,2021-12-19
6D,2021-12-20
6D,2021-12-21
6D,2021-12-22
6D,2021-12-23
6D,2021-12-24
6D,2021-12-25
6D,2021-12-26
6D,2021-12-27
6D,2021-12-28
6D,2021-12-29
6D,2021-12-30
6D,2021-12-31
6D,2022-01-01
6D,2022-01-02
6D,2022-01-03
6D,2022-01-04
6D,2022-01-05
6D,2022-01-06
6D,2022-01-07
6D,2022-01-08
6D,2022-01-09
6D,2022-01-10
6D,2022-01-11
6D,2022-01-12
6D,2022-01-13
6D,2022-01-14
6D,2022-01-15
6D,2022-01-16
6D,2022-01-17
6D,2022-01-18
6D,2022-01-19
6D,2022-01-20
6D,2022-01-21
6D,2022-01-22
6D,2022-01-23
6D,2022-01-24
6D,2022-01-25
6D,2022-01-26
6D,2022-01-27
6D,2022-01-28
6D,2022-01-29
6D,2022-01-30
6D,2022-01-31
6D,2022-02-01
6D,2022-02-02
6D,2022-02-03
6D,2022-02-04
6D,2022-02-05
6D,2022-02-06
6D,2022-02-07
6D,2022-02-08
6D,2022-02-09
6D,2022-02-10
6D,2022-02-11
6D,2022-02-12
6D,2022-02-13
6D,2022-02-14
6D,2022-02-15
6D,2022-02-16
6D,2022-02-17
6D,2022-02-18
6D,2022-02-19
6D,2022-02-20
6D,2022-02-21
6D,2022-02-22
6D,2022-02-23
6D,2022-02-24
6D,2022-02-25
6D,2022-02-26
6D,2022-02-27
6D,2022-02-28
6D,2022-03-01
6D,2022-03-02
6D,2022-03-03
6D,2022-03-04
6D,2022-03-05
6D,2022-03-06
6D,2022-03-07
6D,2022-03-08
6D,2022-03-09
6D,2022-03-10
6D,2022-03-11
6D,2022-03-12
6D,2022-03-13
6D,2022-03-14
6D,2022-03-15
6D,2022-03-16
6D,2022-03-17
6D,2022-03-18
6D,2022-03-19
6D,2022-03-20
6D,2022-03-21
6D,2022-03-22
6D,2022-03-23
6D,2022-03-24
6D,2022-03-25
6D,2022-03-26
6D,2022-03-27
6D,2022-03-28
6D,2022-03-29
6D,2022-03-30
6D,2022-03-31
6D,2022-04-01
6D,2022-04-02
6D,2022-04-03
6D,2022-04-04
6D,2022-04-05
6D,2022-04-06
6D,2022-04-07
6D,2022-04-08
6D,2022-04-09
6D,2022-04-10
6D,2022-04-11
6D,2022-04-12
6D,2022-04-13
6D,2022-04-14
6D,2022-04-15
6D,2022-04-16
6D,2022-04-17
6D,2022-04-18
6D,2022-04-19
6D,2022-04-20
6D,2022-04-21
6D,2022-04-22
6D,2022-04-23
6D,2022-04-24
6D,2022-04-25
6D,2022-04-26
6D,2022-04-27
6D,2022-04-28
6D,2022-04-29
6D,2022-04-30
6D,2022-05-01
6D,2022-05-02
6D,2022-05-03
6D,2022-05-04
6D,2022-05-05
6D,2022-05-06
6D,2022-05-07
6D,2022-05-08
6D,2022-05-09
6D,2022-05-10
6D,2022-05-11
6D,2022-05-12
6D,2022-05-13
6D,2022-05-14
6D,2022-05-15
6D,2022-05-16
6D,2022-05-17
6D,2022-05-18
6D,2022-05-19
6D,2022-05-20
6D,2022-05-21
6D,2022-05-22
6D,2022-05-23
6D,2022-05-24
6D,2022-05-25
6D,2022-05-26
6D,2022-05-27
6D,2022-05-28
6D,2022-05-29
6D,2022-05-30
6D,2022-05-31
6D,2022-06-01
6D,2022-06-02
6D,2022-06-03
6D,2022-06-04
6D,2022-06-05
6D,2022-06-06
6D,2022-06-07
6D,2022-06-08
6D,2022-06-09
6D,2022-06-10
6D,2022-06-11
6D,2022-06-12
6D,2022-06-13
6D,2022-06-14
6D,2022-06-15
6D,2022-06-16
6D,2022-06-17
6D,2022-06-18
6D,2022-06-19
6D,2022-06-20
6D,2022-06-21
6D,2022-06-22
6D,2022-06-23
6D,2022-06-24
6D,2022-06-25
6D,2022-06-26
6D,2022-06-27
6D,2022-06-28
6D,2022-06-29
6D,2022-06-30
6D,2022-07-01
6D,2022-07-02
6D,2022-07-03
6D,2022-07-04
6D,2022-07-05
6D,2022-07-06
6D,2022-07-07
6D,2022-07-08
6D,2022-07-09
6D,2022-07-10
6D,2022-07-11
6D,2022-07-12
6D,2022-07-13
6D,2022-07-14
6D,2022-07-15
6D,2022-07-16
6D,2022-07-17
6D,2022-07-18
6D,2022-07-19
6D,2022-07-20
6D,2022-07-21
6D,2022-07-22
6D,2022-07-23
6D,2022-07-24
6D,2022-07-25
6D,2022-07-26
6D,2022-07-27
6D,2022-07-28
6D,2022-07-29
6D,2022-07-30
6D,2022-07-31
6D,2022-08-01
6D,2022-08-02
6D,2022-08-03
6D,2022-08-04
6D,2022-08-05
6D,2022-08-06
6D,2022-08-07
6D,2022-08-08
6D,2022-08-09
6D,2022-08-10
6D,2022-08-11
6D,2022-08-12
6D,2022-08-13
6D,2022-08-14
6D,2022-08-15
6D,2022-08-16
6D,2022-08-17
6D,2022-08-18
6D,2022-08-19
6D,2022-08-20
6D,2022-08-21
6D,2022-08-22
6D,2022-08-23
6D,2022-08-24
6D,2022-08-25
6D,2022-08-26
6D,2022-08-27
6D,2022-08-28
6D,2022-08-29
6D,2022-08-30
6D,2022-08-31
6D,2022-09-01
6D,2022-09-02
6D,2022-09-03
6D,2022-09-04
6D,2022-09-05
6D,2022-09-06
6D,2022-09-07
6D,2022-09-08
6D,2022-09-09
6D,2022-09-10
6D,2022-09-11
6D,2022-09-12
6D,2022-09-13
6D,2022-09-14
6D,2022-09-15
6D,2022-09-16
6D,2022-09-17
6D,2022-09-18
6D,2022-09-19
6D,2022-09-20
6D,2022-09-21
6D,2022-09-22
6D,2022-09-23
6D,2022-09-24
6D,2022-09-25
6D,2022-09-26
6D,2022-09-27
6D,2022-09-28
6D,2022-09-29
6D,2022-09-30
6D,2022-10-01
6D,2022-10-02
6D,2022-10-03
6D,2022-10-04
6D,2022-10-05
6D,2022-10-06
6D,2022-10-07
6D,2022-10-08
6D,2022-10-09
6D,2022-10-10
6D,2022-10-11
6D,2022-10-12
6D,2022-10-13
6D,2022-10-14
6D,2022-10-15
6D,2022-10-16
6D,2022-10-17
6D,2022-10-18
6D,2022-10-19
6D,2022-10-20
6D,2022-10-21
6D,2022-10-22
6D,2022-10-23
6D,2022-10-24
6D,2022-10-25
6D,2022-10-26
6D,2022-10-27
6D,2022-10-28
6D,2022-10-29
6D,2022-10-30
6D,2022-10-31
6D,2022-11-01
6D,2022-11-02
6D,2022-11-03
6D,2022-11-04
6D,2022-11-05
6D,2022-11-06
6D,2022-11-07
6D,2022-11-08
6D,2022-11-09
6D,2022-11-10
6D,2022-11-11
6D,2022-11-12
6D,2022-11-13
6D,2022-11-14
6D,2022-11-15
6D,2022-11-16
6D,2022-11-17
6D,2022-11-18
6D,2022-11-19
6D,2022-11-20
6D,2022-11-21
6D,2022-11-22
6D,2022-11-23
6D,2022-11-24
6D,2022-11-25
6D,2022-11-26
6D,2022-11-27
6D,2022-11-28
6D,2022-11-29
6D,2022-11-30
6D,2022-12-01
6D,2022-12-02
6D,2022-12-03
6D,2022-12-04
6D,2022-12-05
6D,2022-12-06
6D,2022-12-07
6D,2022-12-08
6D,2022-12-09
6D,2022-12-10
6D,2022-12-11
6D,2022-12-12
6D,2022-12-13
6D,2022-12-14
6D,2022-12-15
6D,2022-12-16
6D,2022-12-17
6D,2022-12-18
6D,2022-12-19
6D,2022-12-20
6D,2022-12-21
6D,2022-12-22
6D,2022-12-23
6D,2022-12-24
6D,2022-12-25
6D,2022-12-26
6D,2022-12-27
6D,2022-12-28
6D,2022-12-29
6D,2022-12-30
6D,2022-12-31
6D,2023-01-01
6D,2023-01-02
6D,2023-01-03
6D,2023-01-04
6D,2023-01-05
6D,2023-01-06
6D,2023-01-07
6D,2023-01-08
6D,2023-01-09
6D,2023-01-10
6D,2023-01-11
6D,2023-01-12
6D,2023-01-13
6D,2023-01-14
6D,2023-01-15
6D,2023-01-16
6D,2023-01-17
6D,2023-01-18
6D,2023-01-19
6D,2023-01-20
6D,2023-01-21
6D,2023-01-22
6D,2023-01-23
6D,2023-01-24
6D,2023-01-25
6D,2023-01-26
6D,2023-01-27
6D,2023-01-28
6D,2023-01-29
6D,2023-01-30
6D,2023-01-31
6D,2023-02-01
6D,2023-02-02
6D,2023-02-03
6D,2023-02-04
6D,2023-02-05
6D,2023-02-06
6D,2023-02-07
6D,2023-02-08
6D,2023-02-09
6D,2023-02-10
6D,2023-02-11
6D,2023-02-12
6D,2023-02-13
6D,2023-02-14
6D,2023-02-15
6D,2023-02-16
6D,2023-02-17
6D,2023-02-18
6D,2023-02-19
6D,2023-02-20
6D,2023-02-21
6D,2023-02-22
6D,2023-02-23
6D,2023-02-24
6D,2023-02-25
6D,2023-02-26
6D,2023-02-27
6D,2023-02-28
6D,2023-03-01
6D,2023-03-02
6D,2023-03-03
6D,2023-03-04
6D,2023-03-05
6D,2023-03-06
6D,2023-03-07
6D,2023-03-08
6D,2023-03-09
6D,2023-03-10
6D,2023-03-11
6D,2023-03-12
6D,2023-03-13
6D,2023-03-14
6D,2023-03-15
6D,2023-03-16
6D,2023-03-17
6D,2023-03-18
6D,2023-03-19
6D,2023-03-20
6D,2023-03-21
6D,2023-03-22
6D,2023-03-23
6D,2023-03-24
6D,2023-03-25
6D,2023-03-26
6D,2023-03-27
6D,2023-03-28
6D,2023-03-29
6D,2023-03-30
6D,2023-03-31
6D,2023-04-01
6D,2023-04-02
6D,2023-04-03
6D,2023-04-04
6D,2023-04-05
6D,2023-04-06
6D,2023-04-07
6D,2023-04-08
6D,2023-04-09
6D,2023-04-10
6D,2023-04-11
6D,2023-04-12
6D,2023-04-13
6D,2023-04-14
6D,2023-04-15
6D,2023-04-16
6D,2023-04-17
6D,2023-04-18
6D,2023-04-19
6D,2023-04-20
6D,2023-04-21
6D,2023-04-22
6D,2023-04-23
6D,2023-04-24
6D,2023-04-25
6D,2023-04-26
6D,2023-04-27
6D,2023-04-28
6D,2023-04-29
6D,2023-04-30
6D,2023-05-01
6D,2023-05-02
6D,2023-05-03
6D,2023-05-04
6D,2023-05-05
6D,2023-05-06
6D,2023-05-07
6D,2023-05-08
6D,2023-05-09
6D,2023-05-10
6D,2023-05-11
6D,2023-05-12
6D,2023-05-13
6D,2023-05-14
6D,2023-05-15
6D,2023-05-16
6D,2023-05-17
6D,2023-05-18
6D,2023-05-19
6D,2023-05-20
6D,2023-05-21
6D,2023-05-22
6D,2023-05-23
6D,2023-05-24
6D,2023-05-25
6D,2023-05-26
6D,2023-05-27
6D,2023-05-28
6D,2023-05-29
6D,2023-05-30
6D,2023-05-31
6D,2023-06-01
6D,2023-06-02
6D,2023-06-03
6D,2023-06-04
6D,2023-06-05
6D,2023-06-06
6D,2023-06-07
6D,2023-06-08
6D,2023-06-09
6D,2023-06-10
6D,2023-06-11
6D,2023-06-12
6D,2023-06-13
6D,2023-06-14
6D,2023-06-15
6D,2023-06-16
6D,2023-06-17
6D,2023-06-18
6D,2023-06-19
6D,2023-06-20
6D,2023-06-21
6D,2023-06-22
6D,2023-06-23
6D,2023-06-24
6D,2023-06-25
6D,2023-06-26
6D,2023-06-27
6D,2023-06-28
6D,2023-06-29
6D,2023-06-30
6D,2023-07-01
6D,2023-07-02
6D,2023-07-03
6D,2023-07-04
6D,2023-07-05
6D,2023-07-06
6D,2023-07-07
6D,2023-07-08
6D,2023-07-09
6D,2023-07-10
6D,2023-07-11
6D,2023-07-12
6D,2023-07-13
6D,2023-07-14
6D,2023-07-15
6D,2023-07-16
6D,2023-07-17
6D,2023-07-18
6D,2023-07-19
6D,2023-07-20
6D,2023-07-21
6D,2023-07-22
6D,2023-07-23
6D,2023-07-24
6D,2023-07-25
6D,2023-07-26
6D,2023-07-27
6D,2023-07-28
6D,2023-07-29
6D,2023-07-30
6D,2023-07-31
6D,2023-08-01
6D,2023-08-02
6D,2023-08-03
6D,2023-08-04
6D,2023-08-05
6D,2023-08-06
6D,2023-08-07
6D,2023-08-08
6D,2023-08-09
6D,2023-08-10
6D,2023-08-11
6D,2023-08-12
6D,2023-08-13
6D,2023-08-14
6D,2023-08-15
6D,2023-08-16
6D,2023-08-17
6D,2023-08-18
6D,2023-08-19
6D,2023-08-20
6D,2023-08-21
6D,2023-08-22
6D,2023-08-23
6D,2023-08-24
6D,2023-08-25
6D,2023-08-26
6D,2023-08-27
6D,2023-08-28
6D,2023-08-29
6D,2023-08-30
6D,2023-08-31
6D,2023-09-01
6D,2023-09-02
6D,2023-09-03
6D,2023-09-04
6D,2023-09-05
6D,2023-09-06
6D,2023-09-07
6D,2023-09-08
6D,2023-09-09
6D,2023-09-10
6D,2023-09-11
6D,2023-09-12
6D,2023-09-13
6D,2023-09-14
6D,2023-09-15
6D,2023-09-16
6D,2023-09-17
6D,2023-09-18
6D,2023-09-19
6D,2023-09-20
6D,2023-09-21
6D,2023-09-22
6D,2023-09-23
6D,2023-09-24
6D,2023-09-25
6D,2023-09-26
6D,2023-09-27
6D,2023-09-28
6D,2023-09-29
6D,2023-09-30
6D,2023-10-01
6D,2023-10-02
6D,2023-10-03
6D,2023-10-04
6D,2023-10-05
6D,2023-10-06
6D,2023-10-07
6D,2023-10-08
6D,2023-10-09
6D,2023-10-10
6D,2023-10-11
6D,2023-10-12
6D,2023-10-13
6D,2023-10-14
6D,2023-10-15
6D,2023-10-16
6D,2023-10-17
6D,2023-10-18
6D,2023-10-19
6D,2023-10-20
6D,2023-10-21
6D,2023-10-22
6D,2023-10-23
6D,2023-10-24
6D,2023-10-25
6D,2023-10-26
6D,2023-10-27
6D,2023-10-28
6D,2023-10-29
6D,2023-10-30
6D,2023-10-31
6D,2023-11-01
6D,2023-11-02
6D,2023-11-03
6D,2023-11-04
6D,2023-11-05
6D,2023-11-06
6D,2023-11-07
6D,2023-11-08
6D,2023-11-09
6D,2023-11-10
6D,2023-11-11
6D,2023-11-12
6D,2023-11-13
6D,2023-11-14
6D,2023-11-15
6D,2023-11-16
6D,2023-11-17
6D,2023-11-18
6D,2023-11-19
6D,2023-11-20
6D,2023-11-21
6D,2023-11-22
6D,2023-11-23
6D,2023-11-24
6D,2023-11-25
6D,2023-11-26
6D,2023-11-27
6D,2023-11-28
6D,2023-11-29
6D,2023-11-30
6D,2023-12-01
6D,2023-12-02
6D,2023-12-03
6D,2023-12-04
6D,2023-12-05
6D,2023-12-06
6D,2023-12-07
6D,2023-12-08
6D,2023-12-09
6D,2023-12-10
6D,2023-12-11
6D,2023-12-12
6D,2023-12-13
6D,2023-12-14
6D,2023-12-15
6D,2023-12-16
6D,2023-12-17
6D,2023-12-18
6D,2023-12-19
6D,2023-12-20
6D,2023-12-21
6D,2023-12-22
6D,2023-12-23
6D,2023-12-24
6D,2023-12-25
6D,2023-12-26
6D,2023-12-27
6D,2023-12-28
6D,2023-12-29
6D,2023-12-30
6D,2023-12-31
6D,2024-01-01
6D,2024-01-02
6D,2024-01-03
6D,2024-01-04
6D,2024-01-05
6D,2024-01-06
6D,2024-01-07
6D,2024-01-08
6D,2024-01-09
6D,2024-01-10
6D,2024-01-11
6D,2024-01-12
6D,2024-01-13
6D,2024-01-14
6D,2024-01-15
6D,2024-01-16
6D,2024-01-17
6D,2024-01-18
6D,2024-01-19
6D,2024-01-20
6D,2024-01-21
6D,2024-01-22
6D,2024-01-23
6D,2024-01-24
6D,2024-01-25
6D,2024-01-26
6D,2024-01-27
6D,2024-01-28
6D,2024-01-29
6D,2024-01-30
6D,2024-01-31
6D,2024-02-01
6D,2024-02-02
6D,2024-02-03
6D,2024-02-04
6D,2024-02-05
6D,2024-02-06
6D,2024-02-07
6D,2024-02-08
6D,2024-02-09
6D,2024-02-10
6D,2024-02-11
6D,2024-02-12
6D,2024-02-13
6D,2024-02-14
6D,2024-02-15
6D,2024-02-16
6D,2024-02-17
6D,2024-02-18
6D,2024-02-19
6D,2024-02-20
6D,2024-02-21
6D,2024-02-22
6D,2024-02-23
6D,2024-02-24
6D,2024-02-25
6D,2024-02-26
6D,2024-02-27
6D,2024-02-28
6D,2024-02-29
6D,2024-03-01
6D,2024-03-02
6D,2024-03-03
6D,2024-03-04
6D,2024-03-05
6D,2024-03-06
6D,2024-03-07
6D,2024-03-08
6D,2024-03-09
6D,2024-03-10
6D,2024-03-11
6D,2024-03-12
6D,2024-03-13
6D,2024-03-14
6D,2024-03-15
6D,2024-03-16
6D,2024-03-17
6D,2024-03-18
6D,2024-03-19
6D,2024-03-20
6D,2024-03-21
6D,2024-03-22
6D,2024-03-23
6D,2024-03-24
6D,2024-03-25
6D,2024-03-26
6D,2024-03-27
6D,2024-03-28
6D,2024-03-29
6D,2024-03-30
6D,2024-03-31
6D,2024-04-01
6D,2024-04-02
6D,2024-04-03
6D,2024-04-04
6D,2024-04-05
6D,2024-04-06
6D,2024-04-07
6D,2024-04-08
6D,2024-04-09
6D,2024-04-10
6D,2024-04-11
6D,2024-04-12
6D,2024-04-13
6D,2024-04-14
6D,2024-04-15
6D,2024-04-16
6D,2024-04-17
6D,2024-04-18
6D,2024-04-19
6D,2024-04-20
6D,2024-04-21
6D,2024-04-22
6D,2024-04-23
6D,2024-04-24
6D,2024-04-25
6D,2024-04-26
6D,2024-04-27
6D,2024-04-28
6D,2024-04-29
6D,2024-04-30
6D,2024-05-01
6D,2024-05-02
6D,2024-05-03
6D,2024-05-04
6D,2024-05-05
6D,2024-05-06
6D,2024-05-07
6D,2024-05-08
6D,2024-05-09
6D,2024-05-10
6D,2024-05-11
6D,2024-05-12
6D,2024-05-13
6D,2024-05-14
6D,2024-05-15
6D,2024-05-16
6D,2024-05-17
6D,2024-05-18
6D,2024-05-19
6D,2024-05-20
6D,2024-05-21
6D,2024-05-22
6D,2024-05-23
6D,2024-05-24
6D,2024-05-25
6D,2024-05-26
6D,2024-05-27
6D,2024-05-28
6D,2024-05-29
6D,2024-05-30
6D,2024-05-31
6D,2024-06-01
6D,2024-06-02
6D,2024-06-03
6D,2024-06-04
6D,2024-06-05
6D,2024-06-06
6D,2024-06-07
6D,2024-06-08
6D,2024-06-09
6D,2024-06-10
6D,2024-06-11
6D,2025-01-04
6D,2025-04-01
7D,2020-01-11
7D,2020-01-22
7D,2020-03-21
7D,2020-06-20
7D,2020-10-08
7D,2020-10-25
7D,2021-08-01
7D,2021-08-02
7D,2021-08-03
7D,2021-08-04
7D,2021-08-05
7D,2021-08-06
7D,2021-08-07
7D,2021-08-08
7D,2021-08-09
7D,2021-08-10
7D,2021-08-11
7D,2021-08-12
7D,2021-08-13
7D,2021-08-14
7D,2021-08-15
7D,2021-08-16
7D,2021-08-17
7D,2021-08-18
7D,2021-08-19
7D,2021-08-20
7D,2021-08-21
7D,2021-08-22
7D,2021-08-23
7D,2021-12-02
7D,2021-12-03
7D,2021-12-04
7D,2021-12-05
7D,2021-12-06
7D,2021-12-07
7D,2021-12-08
7D,2021-12-09
7D,2021-12-10
7D,2021-12-11
7D,2021-12-12
7D,2021-12-13
7D,2021-12-14
7D,2021-12-15
7D,2021-12-16
7D,2021-12-17
7D,2021-12-18
7D,2021-12-19
7D,2021-12-20
7D,2021-12-21
7D,2021-12-22
7D,2021-12-23
7D,2021-12-24
7D,2021-12-25
7D,2021-12-26
7D,2021-12-27
7D,2021-12-28
7D,2021-12-29
7D,2021-12-30
7D,2021-12-31
7D,2022-01-01
7D,2022-01-02
7D,2022-01-03
7D,2022-01-04
7D,2022-01-05
7D,2022-01-06
7D,2022-01-07
7D,2022-01-08
7D,2022-01-09
7D,2022-01-10
7D,2022-01-11
7D,2022-01-12
7D,2022-01-13
7D,2022-01-14
7D,2022-01-15
7D,2022-01-16
7D,2022-01-17
7D,2022-01-18
7D,2022-01-19
7D,2022-01-20
7D,2022-01-21
7D,2022-01-22
7D,2022-01-23
7D,2022-01-24
7D,2022-01-25
7D,2022-01-26
7D,2022-01-27
7D,2022-01-28
7D,2022-01-29
7D,2022-01-30
7D,2022-01-31
7D,2022-02-01
7D,2022-02-02
7D,2022-02-03
7D,2022-02-04
7D,2022-02-05
7D,2022-02-06
7D,2022-02-07
7D,2022-02-08
7D,2022-02-09
7D,2022-02-10
7D,2022-02-11
7D,2022-02-12
7D,2022-02-13
7D,2022-02-14
7D,2022-02-15
7D,2022-02-16
7D,2022-02-17
7D,2022-02-18
7D,2022-02-19
7D,2022-02-20
7D,2022-02-21
7D,2022-02-22
7D,2022-02-23
7D,2022-02-24
7D,2022-02-25
7D,2022-02-26
7D,2022-02-27
7D,2022-02-28
7D,2022-03-01
7D,2022-03-02
7D,2022-03-03
7D,2022-03-04
7D,2022-03-05
7D,2022-03-06
7D,2022-03-07
7D,2022-03-08
7D,2022-03-09
7D,2022-03-10
7D,2022-03-11
7D,2022-03-12
7D,2022-03-13
7D,2022-03-14
7D,2022-03-15
7D,2022-03-16
7D,2022-03-17
7D,2022-03-18
7D,2022-03-19
7D,2022-03-20
7D,2022-03-21
7D,2022-03-22
7D,2022-03-23
7D,2022-03-24
7D,2022-03-25
7D,2022-03-26
7D,2022-03-27
7D,2022-03-28
7D,2022-03-29
7D,2022-03-30
7D,2022-03-31
7D,2022-04-01
7D,2022-04-02
7D,2022-04-03
7D,2022-04-04
7D,2022-04-05
7D,2022-04-06
7D,2022-04-07
7D,2022-04-08
7D,2022-04-09
7D,2022-04-10
7D,2022-04-11
7D,2022-04-12
7D,2022-04-13
7D,2022-04-14
7D,2022-04-15
7D,2022-04-16
7D,2022-04-17
7D,2022-04-18
7D,2022-04-19
7D,2022-04-20
7D,2022-04-21
7D,2022-04-22
7D,2022-04-23
7D,2022-04-24
7D,2022-04-25
7D,2022-04-26
7D,2022-04-27
7D,2022-04-28
7D,2022-04-29
7D,2022-04-30
7D,2022-05-01
7D,2022-05-02
7D,2022-05-03
7D,2022-05-04
7D,2022-05-05
7D,2022-05-06
7D,2022-05-07
7D,2022-05-08
7D,2022-05-09
7D,2022-05-10
7D,2022-05-11
7D,2022-05-12
7D,2022-05-13
7D,2022-05-14
7D,2022-05-15
7D,2022-05-16
7D,2022-05-17
7D,2022-05-18
7D,2022-05-19
7D,2022-05-20
7D,2022-05-21
7D,2022-05-22
7D,2022-05-23
7D,2022-05-24
7D,2022-05-25
7D,2022-05-26
7D,2022-05-27
7D,2022-05-28
7D,2022-05-29
7D,2022-05-30
7D,2022-05-31
7D,2022-06-01
7D,2022-06-02
7D,2022-06-03
7D,2022-06-04
7D,2022-06-05
7D,2022-06-06
7D,2022-06-07
7D,2022-06-08
7D,2022-06-09
7D,2022-06-10
7D,2022-06-11
7D,2022-06-12
7D,2022-06-13
7D,2022-06-14
7D,2022-06-15
7D,2022-06-16
7D,2022-06-17
7D,2022-06-18
7D,2022-06-19
7D,2022-06-20
7D,2022-06-21
7D,2022-06-22
7D,2022-06-23
7D,2022-06-24
7D,2022-06-25
7D,2022-06-26
7D,2022-06-27
7D,2022-06-28
7D,2022-06-29
7D,2022-06-30
7D,2022-07-01
7D,2022-07-02
7D,2022-07-03
7D,2022-07-04
7D,2022-07-05
7D,2022-07-06
7D,2022-07-07
7D,2022-07-08
7D,2022-07-09
7D,2022-07-10
7D,2022-07-11
7D,2022-07-12
7D,2022-07-13
7D,2022-07-14
7D,2022-07-15
7D,2022-07-16
7D,2022-07-17
7D,2022-07-18
7D,2022-07-19
7D,2022-07-20
7D,2022-07-21
7D,2022-07-22
7D,2022-07-23
7D,2022-07-24
7D,2022-07-25
7D,2022-07-26
7D,2022-07-27
7D,2022-07-28
7D,2022-07-29
7D,2022-07-30
7D,2022-07-31
7D,2022-08-01
7D,2022-08-02
7D,2022-08-03
7D,2022-08-04
7D,2022-08-05
7D,2022-08-06
7D,2022-08-07
7D,2022-08-08
7D,2022-08-09
7D,2022-08-10
7D,2022-08-11
7D,2022-08-12
7D,2022-08-13
7D,2022-08-14
7D,2022-08-15
7D,2022-08-16
7D,2022-08-17
7D,2022-08-18
7D,2022-08-19
7D,2022-08-20
7D,2022-08-21
7D,2022-08-22
7D,2022-08-23
7D,2022-08-24
7D,2022-08-25
7D,2022-08-26
7D,2022-08-27
7D,2022-08-28
7D,2022-08-29
7D,2022-08-30
7D,2022-08-31
7D,2022-09-01
7D,2022-09-02
7D,2022-09-03
7D,2022-09-04
7D,2022-09-05
7D,2022-09-06
7D,2022-09-07
7D,2022-09-08
7D,2022-09-09
7D,2022-09-10
7D,2022-09-11
7D,2022-09-12
7D,2022-09-13
7D,2022-09-14
7D,2022-09-15
7D,2022-09-16
7D,2022-09-17
7D,2022-09-18
7D,2022-09-19
7D,2022-09-20
7D,2022-09-21
7D,2022-09-22
7D,2022-09-23
7D,2022-09-24
7D,2022-09-25
7D,2022-09-26
7D,2022-09-27
7D,2022-09-28
7D,2022-09-29
7D,2022-09-30
7D,2022-10-01
7D,2022-10-02
7D,2022-10-03
7D,2022-10-04
7D,2022-10-05
7D,2022-10-06
7D,2022-10-07
7D,2022-10-08
7D,2022-10-09
7D,2022-10-10
7D,2022-10-11
7D,2022-10-12
7D,2022-10-13
7D,2022-10-14
7D,2022-10-15
7D,2022-10-16
7D,2022-10-17
7D,2022-10-18
7D,2022-10-19
7D,2022-10-20
7D,2022-10-21
7D,2022-10-22
7D,2022-10-23
7D,2022-10-24
7D,2022-10-25
7D,2022-10-26
7D,2022-10-27
7D,2022-10-28
7D,2022-10-29
7D,2022-10-30
7D,2022-10-31
7D,2022-11-01
7D,2022-11-02
7D,2022-11-03
7D,2022-11-04
7D,2022-11-05
7D,2022-11-06
7D,2022-11-07
7D,2022-11-08
7D,2022-11-09
7D,2022-11-10
7D,2022-11-11
7D,2022-11-12
7D,2022-11-13
7D,2022-11-14
7D,2022-11-15
7D,2022-11-16
7D,2022-11-17
7D,2022-11-18
7D,2022-11-19
7D,2022-11-20
7D,2022-11-21
7D,2022-11-22
7D,2022-11-23
7D,2022-11-24
7D,2022-11-25
7D,2022-11-26
7D,2022-11-27
7D,2022-11-28
7D,2022-11-29
7D,2022-11-30
7D,2022-12-01
7D,2022-12-02
7D,2022-12-03
7D,2022-12-04
7D,2022-12-05
7D,2022-12-06
7D,2022-12-07
7D,2022-12-08
7D,2022-12-09
7D,2022-12-10
7D,2022-12-11
7D,2022-12-12
7D,2022-12-13
7D,2022-12-14
7D,2022-12-15
7D,2022-12-16
7D,2022-12-17
7D,2022-12-18
7D,2022-12-19
7D,2022-12-20
7D,2022-12-21
7D,2022-12-22
7D,2022-12-23
7D,2022-12-24
7D,2022-12-25
7D,2022-12-26
7D,2022-12-27
7D,2022-12-28
7D,2022-12-29
7D,2022-12-30
7D,2022-12-31
7D,2023-01-01
7D,2023-01-02
7D,2023-01-03
7D,2023-01-04
7D,2023-01-05
7D,2023-01-06
7D,2023-01-07
7D,2023-01-08
7D,2023-01-09
7D,2023-01-10
7D,2023-01-11
7D,2023-01-12
7D,2023-01-13
7D,2023-01-14
7D,2023-01-15
7D,2023-01-16
7D,2023-01-17
7D,2023-01-18
7D,2023-01-19
7D,2023-01-20
7D,2023-01-21
7D,2023-01-22
7D,2023-01-23
7D,2023-01-24
7D,2023-01-25
7D,2023-01-26
7D,2023-01-27
7D,2023-01-28
7D,2023-01-29
7D,2023-01-30
7D,2023-01-31
7D,2023-02-01
7D,2023-02-02
7D,2023-02-03
7D,2023-02-04
7D,2023-02-05
7D,2023-02-06
7D,2023-02-07
7D,2023-02-08
7D,2023-02-09
7D,2023-02-10
7D,2023-02-11
7D,2023-02-12
7D,2023-02-13
7D,2023-02-14
7D,2023-02-15
7D,2023-02-16
7D,2023-02-17
7D,2023-02-18
7D,2023-02-19
7D,2023-02-20
7D,2023-02-21
7D,2023-02-22
7D,2023-02-23
7D,2023-02-24
7D,2023-02-25
7D,2023-02-26
7D,2023-02-27
7D,2023-02-28
7D,2023-03-01
7D,2023-03-02
7D,2023-03-03
7D,2023-03-04
7D,2023-03-05
7D,2023-03-06
7D,2023-03-07
7D,2023-03-08
7D,2023-03-09
7D,2023-03-10
7D,2023-03-11
7D,2023-03-12
7D,2023-03-13
7D,2023-03-14
7D,2023-03-15
7D,2023-03-16
7D,2023-03-17
7D,2023-03-18
7D,2023-03-19
7D,2023-03-20
7D,2023-03-21
7D,2023-03-22
7D,2023-03-23
7D,2023-03-24
7D,2023-03-25
7D,2023-03-26
7D,2023-03-27
7D,2023-03-28
7D,2023-03-29
7D,2023-03-30
7D,2023-03-31
7D,2023-04-01
7D,2023-04-02
7D,2023-04-03
7D,2023-04-04
7D,2023-04-05
7D,2023-04-06
7D,2023-04-07
7D,2023-04-08
7D,2023-04-09
7D,2023-04-10
7D,2023-04-11
7D,2023-04-12
7D,2023-04-13
7D,2023-04-14
7D,2023-04-15
7D,2023-04-16
7D,2023-04-17
7D,2023-04-18
7D,2023-04-19
7D,2023-04-20
7D,2023-04-21
7D,2023-04-22
7D,2023-04-23
7D,2023-04-24
7D,2023-04-25
7D,2023-04-26
7D,2023-04-27
7D,2023-04-28
7D,2023-04-29
7D,2023-04-30
7D,2023-05-01
7D,2023-05-02
7D,2023-05-03
7D,2023-05-04
7D,2023-05-05
7D,2023-05-06
7D,2023-05-07
7D,2023-05-08
7D,2023-05-09
7D,2023-05-10
7D,2023-05-11
7D,2023-05-12
7D,2023-05-13
7D,2023-05-14
7D,2023-05-15
7D,2023-05-16
7D,2023-05-17
7D,2023-05-18
7D,2023-05-19
7D,2023-05-20
7D,2023-05-21
7D,2023-05-22
7D,2023-05-23
7D,2023-05-24
7D,2023-05-25
7D,2023-05-26
7D,2023-05-27
7D,2023-05-28
7D,2023-05-29
7D,2023-05-30
7D,2023-05-31
7D,2023-06-01
7D,2023-06-02
7D,2023-06-03
7D,2023-06-04
7D,2023-06-05
7D,2023-06-06
7D,2023-06-07
7D,2023-06-08
7D,2023-06-09
7D,2023-06-10
7D,2023-06-11
7D,2023-06-12
7D,2023-06-13
7D,2023-06-14
7D,2023-06-15
7D,2023-06-16
7D,2023-06-17
7D,2023-06-18
7D,2023-06-19
7D,2023-06-20
7D,2023-06-21
7D,2023-06-22
7D,2023-06-23
7D,2023-06-24
7D,2023-06-25
7D,2023-06-26
7D,2023-06-27
7D,2023-06-28
7D,2023-06-29
7D,2023-06-30
7D,2023-07-01
7D,2023-07-02
7D,2023-07-03
7D,2023-07-04
7D,2023-07-05
7D,2023-07-06
7D,2023-07-07
7D,2023-07-08
7D,2023-07-09
7D,2023-07-10
7D,2023-07-11
7D,2023-07-12
7D,2023-07-13
7D,2023-07-14
7D,2023-07-15
7D,2023-07-16
7D,2023-07-17
7D,2023-07-18
7D,2023-07-19
7D,2023-07-20
7D,2023-07-21
7D,2023-07-22
7D,2023-07-23
7D,2023-07-24
7D,2023-07-25
7D,2023-07-26
7D,2023-07-27
7D,2023-07-28
7D,2023-07-29
7D,2023-07-30
7D,2023-07-31
7D,2023-08-01
7D,2023-08-02
7D,2023-08-03
7D,2023-08-04
7D,2023-08-05
7D,2023-08-06
7D,2023-08-07
7D,2023-08-08
7D,2023-08-09
7D,2023-08-10
7D,2023-08-11
7D,2023-08-12
7D,2023-08-13
7D,2023-08-14
7D,2023-08-15
7D,2023-08-16
7D,2023-08-17
7D,2023-08-18
7D,2023-08-19
7D,2023-08-20
7D,2023-08-21
7D,2023-08-22
7D,2023-08-23
7D,2023-08-24
7D,2023-08-25
7D,2023-08-26
7D,2023-08-27
7D,2023-08-28
7D,2023-08-29
7D,2023-08-30
7D,2023-08-31
7D,2023-09-01
7D,2023-09-02
7D,2023-09-03
7D,2023-09-04
7D,2023-09-05
7D,2023-09-06
7D,2023-09-07
7D,2023-09-08
7D,2023-09-09
7D,2023-09-10
7D,2023-09-11
7D,2023-09-12
7D,2023-09-13
7D,2023-09-14
7D,2023-09-15
7D,2023-09-16
7D,2023-09-17
7D,2023-09-18
7D,2023-09-19
7D,2023-09-20
7D,2023-09-21
7D,2023-09-22
7D,2023-09-23
7D,2023-09-24
7D,2023-09-25
7D,2023-09-26
7D,2023-09-27
7D,2023-09-28
7D,2023-09-29
7D,2023-09-30
7D,2023-10-01
7D,2023-10-02
7D,2023-10-03
7D,2023-10-04
7D,2023-10-05
7D,2023-10-06
7D,2023-10-07
7D,2023-10-08
7D,2023-10-09
7D,2023-10-10
7D,2023-10-11
7D,2023-10-12
7D,2023-10-13
7D,2023-10-14
7D,2023-10-15
7D,2023-10-16
7D,2023-10-17
7D,2023-10-18
7D,2023-10-19
7D,2023-10-20
7D,2023-10-21
7D,2023-10-22
7D,2023-10-23
7D,2023-10-24
7D,2023-10-25
7D,2023-10-26
7D,2023-10-27
7D,2023-10-28
7D,2023-10-29
7D,2023-10-30
7D,2023-10-31
7D,2023-11-01
7D,2023-11-02
7D,2023-11-03
7D,2023-11-04
7D,2023-11-05
7D,2023-11-06
7D,2023-11-07
7D,2023-11-08
7D,2023-11-09
7D,2023-11-10
7D,2023-11-11
7D,2023-11-12
7D,2023-11-13
7D,2023-11-14
7D,2023-11-15
7D,2023-11-16
7D,2023-11-17
7D,2023-11-18
7D,2023-11-19
7D,2023-11-20
7D,2023-11-21
7D,2023-11-22
7D,2023-11-23
7D,2023-11-24
7D,2023-11-25
7D,2023-11-26
7D,2023-11-27
7D,2023-11-28
7D,2023-11-29
7D,2023-11-30
7D,2023-12-01
7D,2023-12-02
7D,2023-12-03
7D,2023-12-04
7D,2023-12-05
7D,2023-12-06
7D,2023-12-07
7D,2023-12-08
7D,2023-12-09
7D,2023-12-10
7D,2023-12-11
7D,2023-12-12
7D,2023-12-13
7D,2023-12-14
7D,2023-12-15
7D,2023-12-16
7D,2023-12-17
7D,2023-12-18
7D,2023-12-19
7D,2023-12-20
7D,2023-12-21
7D,2023-12-22
7D,2023-12-23
7D,2023-12-24
7D,2023-12-25
7D,2023-12-26
7D,2023-12-27
7D,2023-12-28
7D,2023-12-29
7D,2023-12-30
7D,2023-12-31
7D,2024-01-01
7D,2024-01-02
7D,2024-01-03
7D,2024-01-04
7D,2024-01-05
7D,2024-01-06
7D,2024-01-07
7D,2024-01-08
7D,2024-01-09
7D,2024-01-10
7D,2024-01-11
7D,2024-01-12
7D,2024-01-13
7D,2024-01-14
7D,2024-01-15
7D,2024-01-16
7D,2024-01-17
7D,2024-01-18
7D,2024-01-19
7D,2024-01-20
7D,2024-01-21
7D,2024-01-22
7D,2024-01-23
7D,2024-01-24
7D,2024-01-25
7D,2024-01-26
7D,2024-01-27
7D,2024-01-28
7D,2024-01-29
7D,2024-01-30
7D,2024-01-31
7D,2024-02-01
7D,2024-02-02
7D,2024-02-03
7D,2024-02-04
7D,2024-02-05
7D,2024-02-06
7D,2024-02-07
7D,2024-02-08
7D,2024-02-09
7D,2024-02-10
7D,2024-02-11
7D,2024-02-12
7D,2024-02-13
7D,2024-02-14
7D,2024-02-15
7D,2024-02-16
7D,2024-02-17
7D,2024-02-18
7D,2024-02-19
7D,2024-02-20
7D,2024-02-21
7D,2024-02-22
7D,2024-02-23
7D,2024-02-24
7D,2024-02-25
7D,2024-02-26
7D,2024-02-27
7D,2024-02-28
7D,2024-02-29
7D,2024-03-01
7D,2024-03-02
7D,2024-03-03
7D,2024-03-04
7D,2024-03-05
7D,2024-03-06
7D,2024-03-07
7D,2024-03-08
7D,2024-03-09
7D,2024-03-10
7D,2024-03-11
7D,2024-03-12
7D,2024-03-13
7D,2024-03-14
7D,2024-03-15
7D,2024-03-16
7D,2024-03-17
7D,2024-03-18
7D,2024-03-19
7D,2024-03-20
7D,2024-03-21
7D,2024-03-22
7D,2024-03-23
7D,2024-03-24
7D,2024-03-25
7D,2024-03-26
7D,2024-03-27
7D,2024-03-28
7D,2024-03-29
7D,2024-03-30
7D,2024-03-31
7D,2024-04-01
7D,2024-04-02
7D,2024-04-03
7D,2024-04-04
7D,2024-04-05
7D,2024-04-06
7D,2024-04-07
7D,2024-04-08
7D,2024-04-09
7D,2024-04-10
7D,2024-04-11
7D,2024-04-12
7D,2024-04-13
7D,2024-04-14
7D,2024-04-15
7D,2024-04-16
7D,2024-04-17
7D,2024-04-18
7D,2024-04-19
7D,2024-04-20
7D,2024-04-21
7D,2024-04-22
7D,2024-04-23
7D,2024-04-24
7D,2024-04-25
7D,2024-04-26
7D,2024-04-27
7D,2024-04-28
7D,2024-04-29
7D,2024-04-30
7D,2024-05-01
7D,2024-05-02
7D,2024-05-03
7D,2024-05-04
7D,2024-05-05
7D,2024-05-06
7D,2024-05-07
7D,2024-05-08
7D,2024-05-09
7D,2024-05-10
7D,2024-05-11
7D,2024-05-12
7D,2024-05-13
7D,2024-05-14
7D,2024-05-15
7D,2024-05-16
7D,2024-05-17
7D,2024-05-18
7D,2024-05-19
7D,2024-05-20
7D,2024-05-21
7D,2024-05-22
7D,2024-05-23
7D,2024-05-24
7D,2024-05-25
7D,2024-05-26
7D,2024-05-27
7D,2024-05-28
7D,2024-05-29
7D,2024-05-30
7D,2024-05-31
7D,2024-06-01
7D,2024-06-02
7D,2024-06-03
7D,2024-06-04
7D,2024-06-05
7D,2024-06-06
7D,2024-06-07
7D,2024-06-08
7D,2024-06-09
7D,2024-06-10
7D,2024-06-11
7D,2024-10-08
7D,2024-12-08
7D,2024-12-15
7D,2025-01-03
7D,2025-01-09
7D,2025-02-03
7D,2025-02-22
7D,2025-05-23
7D,2025-06-14
7D,2025-08-11
